INSERT INTO banners(id, image)
VALUES (1,
        'https://img.freepik.com/free-vector/fashion-banner-design-with-shirt-bag-camera-case_83728-1865.jpg?w=2000'),
       (2,
        'https://img.freepik.com/premium-vector/spring-fashion-sale-banner-design-template_2239-1180.jpg'),
       (3,
        'https://encrypted-tbn0.gstatic.com/images?q=tbn:ANd9GcQzoYY_fWeMf-11d6tXYNsqVRS2n-ajMGU4ZyRZmpMnt1hCadt1k_HgJeyZjAHp04KiwWs&usqp=CAU'),
       (4,
        'https://encrypted-tbn0.gstatic.com/images?q=tbn:ANd9GcQU-YD9rtlaeNSMxFvT46Rqjcz1a3XlI2UcOjVF9vixjY0BtjqrLs5x2FaXJi5nsiQkvpE&usqp=CAU'),
       (5,
        'https://marketplace.canva.com/EAFVHstxnwk/1/0/1600w/canva-beige-aesthetic-exclusive-fashion-wear-collection-clothing-banner-BZb4KkCdNP0.jpg');

INSERT INTO users (id, email, password, phone_number, role)
VALUES
--     пароль:Buyer123
(1, 'buyer@gmail.com',
 '$2a$12$oU/NczE1jY6mFXp5hAvlCutEGhtEMs6EP3G5m/l9vpFc8TlTam3DS',
 '+996702666357', 'BUYER'),

--     пароль:Buyer00
(2, 'bb@gmail.com',
 '$2a$12$OvPx7qpK9cO9JE6oTPfWBeQH/6WKZZub4oP76S7aX./CgSgpGUasK',
 '+996702666357', 'BUYER'),

--  пароль:Admin123
(3, 'admin@gmail.com',
 '$2a$12$L67vHDQc6nq8XP.HfuIbBeK6f29ah2PpiEBSyjjBXifW4dFP8kDye',
 '+996990128880', 'ADMIN'),

-- пароль:Seller123
(4, 'seller@gmail.com',
 '$2a$12$Q77myfBp/yyrW143tis01eZrSYL3CKhN9JxMBllslZNm56gyO14/i',
 '+996550232345', 'SELLER'),

-- пароль:Seller00
(5, 'ss@gmail.com',
 '$2a$12$NLvlWRZ0v4utE/cX2bbKtevG8T8sSHGubfQ2wrMABEeY1UNl0ngbW',
 '+996550232345', 'SELLER'),

-- пароль:Seller88
(6, 'eliza@gmail.com',
 '$2a$12$IZQGU1pFgWxX5M1LHJVrI.0FeYWfw3j.DxWRjVjARLRViDFObuHF.',
 '+996550232345', 'SELLER');

INSERT INTO buyers(id, full_name, date_of_birth, user_id, address, gender)
VALUES (1, 'Kanykei Askarbekova',
        '2003-03-18', 1,
        'Область Чуй,город Бишкек,мкр Кок Жар,улица Молдокулова 10,подъезд 3, кв 10', 'FEMALE'),
       (2, 'Baiysh Orozaliev',
        '1990-10-23', 2,
        'Область Баткен,город Кадамжай,улица Ауэзова 200,подъезд 7,кв 46 ', 'MALE');

INSERT INTO sellers(id, first_name, last_name, bic, itn, about_store, address,
                    name_of_store, store_logo,
                    vendor_number, user_id)
VALUES (1, 'Jiydegul', 'Jalilova', 'DEUTDEFF', '765-43-2109', 'Fashion Haven - ваш источник стильной и модной одежды',
        'ТЦ ГУМ, город Бишкек',
        'Fashion Haven',
        'https://s.tmimgcdn.com/scr/800x500/183700/modern-shopping-business-logo-template_183766-original.jpg',
        'VND12345', 4),
       (2, 'Aiperi', 'Toktosunova', 'UBSWCHZH80A', '987-65-4321',
        'Trendy Threads - магазин для тех, кто следит за модой',
        'ТЦ ЦУМ, город Ош',
        'Trendy Threads',
        'https://encrypted-tbn0.gstatic.com/images?q=tbn:ANd9GcRwhRFf7FljIdmi9O3IJF7w438B_ljoSVtmyA&usqp=CAU',
        'SPLR789', 5),
       (3, 'Eliza', 'Ashyralieva', 'KASITHBK', '444-44-4444',
        'Classic Elegance - магазин, где классика встречает элегантность',
        'ТЦ Asia Mall, город Бишкек', 'Classic Elegance',
        'https://encrypted-tbn0.gstatic.com/images?q=tbn:ANd9GcSALIXFTV7zON37JghAVcdd6f_a1b-o9atknA&usqp=CAU',
        'PVDR7890', 6);

INSERT INTO customers(id, first_name, last_name,
                      address, city, country, email,
                      phone_number, postal_code)
VALUES (1, 'Курстан', 'Эркинбаев',
        'Ош', 'Ош', 'Кыргызстан',
        'kurstan@gmail.com',
        '+996555990123', '723000'),
       (2, 'Нурадил', 'Жолдошов',
        'Талас', 'Талас', 'Кыргызстан',
        'nuradil@gmail.com',
        '+996703425039', '723000'),
       (3, 'Сыймык', 'Жумабек уулу',
        'Кара Суу', 'Ош', 'Кыргызстан',
        'syimyk@gmail.com',
        '+996990124556', '723040'),
       (4, 'Алтынбек', 'Шакиров',
        'Токтогул', 'Жалал Абад', 'Кыргызстан',
        'altynbek@gmail.com',
        '+996222345678', '724000'),
       (5, 'Адил', 'Айтбаев',
        'Бишкек', 'Бишкек', 'Кыргызстан',
        'adil@gmail.com',
        '+996990129090', '720000'),
       (6, 'Илим', 'Шабданов',
        'Бишкек', 'Бишкек', 'Кыргызстан',
        'ilim@gmail.com',
        '+996555967807', '720000'),
       (7, 'Кутман', 'Келсинбеков',
        'Бишкек', 'Бишкек', 'Кыргызстан',
        'kutman@gmail.com',
        '+996222095698', '720000'),
       (8, 'Айгерим', 'Токторбаева',
        'Нарын', 'Нарын', 'Кыргызстан',
        'aigerim@gmail.com',
        '+996700123456', '724100'),
       (9, 'Эркин', 'Амантаев',
        'Ыссык-Куль', 'Каракол', 'Кыргызстан',
        'erkin@gmail.com',
        '+996777987654', '722300'),
       (10, 'Гулзина', 'Тургунбаева',
        'Чолпон-Ата', 'Иссык-Куль', 'Кыргызстан',
        'gulzina@gmail.com',
        '+996555111222', '722160'),
       (11, 'Айбек', 'Раимкулов',
        'Каракол', 'Иссык-Куль', 'Кыргызстан',
        'aybek@gmail.com',
        '+996700112233', '722160'),
       (12, 'Назгул', 'Алиева',
        'Бишкек', 'Бишкек', 'Кыргызстан',
        'nazgul@gmail.com',
        '+996555987654', '720010'),
       (13, 'Рустам', 'Темиров',
        'Ош', 'Ош', 'Кыргызстан',
        'rustam@gmail.com',
        '+996770123456', '723010'),
       (14, 'Асель', 'Абдырайымова',
        'Токмок', 'Чуй', 'Кыргызстан',
        'asel@gmail.com',
        '+996555999888', '722010'),
       (15, 'Тимур', 'Турсунов',
        'Джалал-Абад', 'Джалал-Абад', 'Кыргызстан',
        'timur@gmail.com',
        '+996700987654', '715010');

INSERT INTO appeals(id, title, divide, detailed_appeal, buyer_id)
VALUES (1,
        'Жалоба', 'Жалоба', 'Жалоба на качество услуг', 1),
       (2,
        'Запрос', 'Запрос', 'Запрос на получение информации', 1);

INSERT INTO categories(id, name)
VALUES (1,
        'Мужской'),
       (2,
        'Женский'),
       (3,
        'Детский');

INSERT INTO sub_categories(id, category_id, name)
VALUES (1, 1, 'Вся одежда'),
       (2, 1, 'Новинки'),
       (3, 1, 'Брюки и шорты'),
       (4, 1, 'Верхняя одежда'),
       (5, 1, 'Футболки и майки'),
       (6, 1, 'Одежда для дома'),
       (7, 1, 'Свитшоты и Худи'),
       (8, 1, 'Нижнее белье'),
       (9, 1, 'Костюмы и рубашки'),
       (10, 1, 'Джемперы и кардиганы'),
       (11, 1, 'Обувь'),
       (12, 1, 'Головные уборы'),
       (13, 1, 'Спортивная одежда'),
       (14, 1, 'Бестселлеры'),
       (15, 1, 'Распродажа'),
       (16, 1, 'Сумки'),
       (17, 2, 'Свитера и кофты и Худи '),
       (18, 2, 'Джемперы и кардиганы'),
       (19, 2, 'Платья'),
       (20, 2, 'Белье'),
       (21, 2, 'Блузки и рубашки'),
       (22, 2, 'Футболки и майки'),
       (23, 2, 'Верхняя одежда'),
       (24, 2, 'Спортивная одежда'),
       (25, 2, 'Вся одежда'),
       (26, 2, 'Сумки'),
       (27, 2, 'Обувь'),
       (28, 2, 'Головные уборы и аксессуары'),
       (29, 2, 'Новинки'),
       (30, 2, 'Брюки и шорты'),
       (31, 2, 'Бестселлеры'),
       (32, 2, 'Распродажа'),
       (33, 2, 'Юбки'),
       (34, 3, 'Одежда для новорожденных'),
       (35, 3, 'Одежда для девочек'),
       (36, 3, 'Одежда для мальчиков');

INSERT INTO discounts(id, date_of_finish, date_of_start, percent)
VALUES (1,
        '2023-07-01', '2023-07-12', 70),
       (2,
        '2023-06-23', '2023-09-29', 50),
       (3,
        '2023-07-02', '2023-07-25', 25),
       (4,
        '2023-06-01', '2023-08-17', 60),
       (5,
        '2023-05-23', '2023-11-12', 15),
       (6,
        '2023-06-15', '2023-07-05', 40),
       (7,
        '2023-07-10', '2023-08-20', 55),
       (8,
        '2023-06-05', '2023-06-30', 30),
       (9,
        '2023-08-01', '2023-08-31', 20),
       (10,
        '2023-09-05', '2023-09-30', 10);


INSERT INTO products(id, brand, composition,
                     date_of_change, date_of_create,
                     is_draft, manufacturer, name,
                     rating, season, seller_id, sub_category_id)
VALUES (1, 'ZARA', 'Шерсть/Кашемир', '2023-03-03', '2023-01-23',
        FALSE, 'БайGo', 'Платье', 9.8, 'Летний', 1, 19),
       (2, 'Calvin Klein', 'Хлопок/Полиэстер/Эластан',
        '2022-12-03', '2023-05-29',
        TRUE, 'БайGo', 'Шорты', 9.8, 'Летний', 1, 30),
       (3, 'Gucci', 'Полиэстер/Вискоза/Эластан', '2023-03-03', '2023-01-23',
        FALSE, 'БайGo', 'Свитшот', 9.8, 'Зимний', 1, 7),
       (4, 'Puma', 'Синтетика/Резина', '2023-12-20', '2023-11-20',
        FALSE, 'БайGo',
        'Повседневные кроссовки', 8.6, 'Летний', 2, 11),
       (5, 'H&M', '100% Хлопок', '2023-03-03', '2022-12-30',
        FALSE, 'БайGo', 'Футболка', 3.3, 'Летний', 1, 22),
       (6, 'Disney', 'Хлопок/Полиэстер', '2024-01-10', '2023-12-10',
        FALSE, 'БайGo',
        'Детский комбинезон', 9.2, 'Осенний', 1, 36),
       (7, 'Carter\s', 'Хлопок', '2024-01-20', '2024-01-01',
        TRUE, 'БайGo',
        'Детское боди', 9.5, 'Всесезонный', 1, 34),
       (8, 'Adidas', 'Кожа/Синтетика', '2023-12-01', '2023-11-01',
        FALSE, 'БайGo',
        'Кеды', 8.7, 'Всесезонный', 1, 11),
       (9, 'GapKids', 'Хлопок/Полиэстер', '2024-02-10', '2024-02-01',
        TRUE, 'БайGo',
        'Детский свитер', 9.1, 'Зимний', 1, 36),
       (10, 'Nike', 'Текстиль/Синтетика', '2023-11-20', '2023-10-20',
        TRUE, 'БайGo',
        'Беговые кроссовки', 9.4, 'Летний', 1, 27),
       (11, 'Balenciaga', 'Кожа/Текстиль', '2023-11-01', '2023-10-01',
        FALSE, 'БайGo',
        'Кроссовки', 9.6, 'Летний', 1, 27),
       (12, 'Burberry', 'Шерсть/Кашемир/Ангора', '2023-09-15', '2023-08-30',
        FALSE, 'БайGo',
        'Пальто', 9.2, 'Зимний', 1, 4),
       (13, 'Dolce & Gabbana', 'Шелк/Полиэстер/Эластан', '2023-09-10', '2023-08-20',
        FALSE, 'БайGo',
        'Вечернее платье', 9.7, 'Осенний', 1, 19),
       (14, 'GAP', 'Хлопок/Эластан', '2023-10-01', '2023-09-10',
        TRUE, 'БайGo',
        'Джинсовые бермуда', 8.7, 'Летний', 1, 30),
       (15, 'Prada', 'Кожа', '2023-09-20', '2023-09-01',
        TRUE, 'БайGo',
        'Кошелек', 8.4, 'Всесезонный', 1, 28);

INSERT INTO sub_products(id, articulbg, articul_of_seller,
                         color, color_hex_code, description,
                         height, length, main_image, price,
                         width, weight, product_id, discount_id)
VALUES (1, '12345678', 'kid123',
        'Черный', '#000000', 'Стильный женский кошелек с принтом и множеством отделений', 1, 1,
        'https://ae04.alicdn.com/kf/S8c0b35df733d4f10a46df8f61d8f167dH.jpg_480x480.jpg', 2000, 1, 1, 1, null),
       (2, '23456789', 'mko456',
        'Красный', '#FF0000', 'Комфортные джинсовые бермуда с застежкой на молнию и пуговицу', 2, 2,
        'https://ae01.alicdn.com/kf/H7ba2a85421be4efcaa83e8c1cb42bb86D.jpg', 5900, 2, 2, 1, 2),
       (3, '34567890', 'ljn3456',
        'Фиолетовый', '#800080', 'Эксклюзивный вечерний наряд с вышивкой и открытой спиной', 3, 3,
        'https://images.shafastatic.net/100463257', 3999, 3, 3, 1, null),
       (4, '45678901', 'vgk83jb',
        'Розовый', '#FFC0CB', 'Стильное пальто с поясом и воротником-стойкой', 4, 4,
        'https://images.shafastatic.net/100463257', 10500, 4, 4, 2, 4),
       (5, '56789012', 'jhs3k2',
        'Желтый', '#FFFF00', 'Модные женские кроссовки с контрастными вставками и подошвой-платформой', 5, 5,
        'https://cf.shopee.tw/file/dd9e8aef98bb30ce95b477bde483aebb', 6666, 5, 5, 2, 5),
       (6, '67890123', 'ksk445nm',
        'Синий', '#0000FF', 'Легкие и комфортные женские кроссовки для бега', 6, 6,
        'https://ae04.alicdn.com/kf/S8c0b35df733d4f10a46df8f61d8f167dH.jpg_480x480.jpg', 8500, 6, 6, 2, 6),
       (7, '78901234', 'nj4h5k',
        'Зеленый', '#008000', 'Теплый детский свитер с ярким принтом', 7, 7,
        'https://legrand-collection.com.ua/images/detailed/4/MR-182-143_N_4qgn-35.jpg', 2500, 7, 7, 3, null),
       (8, '89012345', 'huif855',
        'Оранжевый', '#FFA500', 'Классические мужские кеды со шнуровкой', 8, 8,
        'https://zara-ru.com/images/detailed/1893/5862157520_2_1_1.jpg', 3900, 8, 8, 3, 10),
       (9, '90123456', 'cr8e97m',
        'Желтый', '#FFFF00', 'Мягкий и удобный детский боди с принтом', 9, 9,
        'https://ae01.alicdn.com/kf/H7ba2a85421be4efcaa83e8c1cb42bb86D.jpg', 5500, 9, 9, 4, 2),
       (10, '01234567', 'nji8744',
        'Коричневый', '#A52A2A', 'Стильная футболка с круглым вырезом и короткими рукавами', 10, 10,
        'https://персонаж.рф/wp-content/uploads//2021/04/shyolkovye-platya-foto-2.jpg', 7200, 10, 10, 5, null),
       (11, '12348993', '48fhn6rk',
        'Серый', '#808080', 'Симпатичный детский комбинезон с изображением персонажей Disney', 11, 11,
        'https://encrypted-tbn0.gstatic.com/images?q=tbn:ANd9GcR05oF3ha146qSngrUPI8ojaYqjWVVq5fwCKFgmMo8A70pIXgMGRLdTEhx6cnTHU3dyXHk&usqp=CAU',
        11, 11, 3500, 6, 9),
       (12, '35565433', 'n489ef66',
        'Белый', '#FFFFFF', 'Приталенное платье с V-образным вырезом и длинными рукавами', 12, 12,
        'https://images.shafastatic.net/100463257', 4500, 12, 12, 6, 1),
       (13, '86950433', '943hf30',
        'Коралловый', '#FF7F50', 'Стильные шорты с высокой посадкой и широким поясом', 13, 13,
        'https://images.shafastatic.net/100463257', 5900, 13, 13, 7, 3),
       (14, '87368905', '487fh58m',
        'Салатовый', '#7FFF00', 'Стильные мужские кроссовки для повседневной носки', 14, 14,
        'https://image-thumbs.shafastatic.net/991822872_310_430', 2800, 14, 14, 7, 5),
       (15, '34356543', 'm6ri49043',
        'Серебристый', '#C0C0C0', 'Удобный свитшот с капюшоном и карманом-кенгуру', 15, 15,
        'https://images.shafastatic.net/502615598', 6200, 15, 15, 8, 7),
       (16, '34346576', '48fh494fm',
        'Сиреневый', '#DA70D6', 'Классические мужские кеды со шнуровкой', 16, 16,
        'https://cf.shopee.tw/file/dd9e8aef98bb30ce95b477bde483aebb', 4100, 16, 16, 9, null),
       (17, '29085722', '8597fh7ncg',
        'Голубой', '#00BFFF', 'Мягкий и удобный детский боди с принтом', 17, 17,
        'https://basket-05.wb.ru/vol741/part74189/74189201/images/c516x688/1.jpg', 3600, 17, 17, 10, null),
       (18, '89752000', '9845bnc494',
        'Коричневый', '#8B4513', 'Легкие и комфортные женские кроссовки для бега', 18, 18,
        'https://ir.ozone.ru/s3/multimedia-i/c300/6648130098.jpg', 5300, 18, 18, 10, 2),
       (19, '05026554', '875c5j80dm',
        'Желтозеленый', '#ADFF2F', 'Стильное пальто с поясом и воротником-стойкой', 19, 19,
        'https://encrypted-tbn0.gstatic.com/images?q=tbn:ANd9GcR0cgoQfuuEiMLZxaCWkLhqo2hvAdXYs_1cPg&usqp=CAU', 2900, 19,
        19, 10, 5),
       (20, '25489654', '5fj7unj50',
        'Оливковый', '#808000', 'Эксклюзивный вечерний наряд с вышивкой и открытой спиной', 20, 20,
        'https://content2.rozetka.com.ua/goods/images/original/81325899.jpg', 3800, 20, 20, 11, 7),
       (21, '53665849', '489bt6hr76',
        'Фуксия', '#FF00FF', 'Стильная футболка с круглым вырезом и короткими рукавами', 21, 21,
        'https://swbaby.ru/userfls/shop/large/4/38985_petit-bebe-kombinezon-s-kapyushon.jpg', 4700, 21, 21, 11, 9),
       (22, '39640395', '9850mv,6',
        'Персиковый', '#FFDAB9', 'Классические мужские кеды со шнуровкой', 22, 22,
        'https://content.rozetka.com.ua/goods/images/original/61613267.jpg', 6200, 22, 22, 12, 1),
       (23, '56454290', '859f4ntu4',
        'Гранатовый', '#800000', 'Удобный свитшот с капюшоном и карманом-кенгуру', 23, 23,
        'https://encrypted-tbn0.gstatic.com/images?q=tbn:ANd9GcTcem2Tdfox6vOudydf7u7bmrT-_okY0mdLkQ&usqp=CAU', 5400, 23,
        23, 12, 3),
       (24, '87358925', '785f4ntr5',
        'Бирюзовый', '#40E0D0', 'Симпатичный детский комбинезон с изображением персонажей Disney', 24, 24,
        'https://encrypted-tbn0.gstatic.com/images?q=tbn:ANd9GcTQwl-wBaTBg82S8mG_IywIYnjPLHQhUXZcdg&usqp=CAU', 4600, 24,
        24, 13, null),
       (25, '49830600', 'jft890e054',
        'Мятный', '#98FF98', 'Модные женские кроссовки с контрастными вставками и подошвой-платформой', 25, 25,
        'https://svs.proatribut.ru/uploads/20180906/36_ID49823.jpg', 3100, 25, 25, 13, 3),
       (26, '85306066', '05nft8050',
        'Кремовый', '#FFFDD0', 'Стильное пальто с поясом и воротником-стойкой', 26, 26,
        'https://ae04.alicdn.com/kf/S76b47001d824440e98c0f0a55bc350b1K.jpg_640x640.jpg', 5000, 26, 26, 13, 9),
       (27, '85376843', '456vgy554',
        'Темно-синий', '#00008B', 'Эксклюзивный вечерний наряд с вышивкой и открытой спиной', 27, 27,
        'https://alitools.io/ru/showcase/image?url=https%3A%2F%2Fae01.alicdn.com%2Fkf%2FH68ed3f2c1f37437a881ffbce47f36655A.jpg_480x480.jpg',
        4200, 27, 27, 14, 4),
       (28, '453653775', '4gt65hyy',
        'Лаймовый', '#00FF00', 'Стильный женский кошелек с принтом и множеством отделений', 28, 28,
        'https://ae04.alicdn.com/kf/Sd51425271c4c4500a7febe5559d6a41a9.jpg_640x640.jpg', 3700, 28, 28, 14, 4),
       (29, '666666626', 'yh655by5b',
        'Серебристо-серый', '#C0C0C0', 'Удобный свитшот с капюшоном и карманом-кенгуру', 29, 29,
        'https://encrypted-tbn0.gstatic.com/images?q=tbn:ANd9GcQU7sOTy7Nh601_lPNtZY-gxPTmyeFnKWvuv2M9LlwwAGdjVxMLU2zqL6Hqz7MUDG19P0c&usqp=CAU',
        4800, 29, 29, 15, null),
       (30, '547657567', '5y65gy54j',
        'Рыжий', '#FF4500', 'Стильные шорты с высокой посадкой и широким поясом', 30, 30,
        'https://ae01.alicdn.com/kf/S58fe73d6948e44ab99daa45c4cf38f7d8.jpg', 3300, 30, 30, 15, null);

INSERT INTO sub_product_images(sub_product_id, images)
VALUES (1,
        'https://ae01.alicdn.com/kf/S58fe73d6948e44ab99daa45c4cf38f7d8.jpg'),
       (2,
        'https://encrypted-tbn0.gstatic.com/images?q=tbn:ANd9GcQU7sOTy7Nh601_lPNtZY-gxPTmyeFnKWvuv2M9LlwwAGdjVxMLU2zqL6Hqz7MUDG19P0c&usqp=CAU'),
       (3,
        'https://ae04.alicdn.com/kf/Sd51425271c4c4500a7febe5559d6a41a9.jpg_640x640.jpg'),
       (4,
        'https://alitools.io/ru/showcase/image?url=https%3A%2F%2Fae01.alicdn.com%2Fkf%2FH68ed3f2c1f37437a881ffbce47f36655A.jpg_480x480.jpg'),
       (5,
        'https://cdn.laredoute.ru/products/1/d/0/1d05d12870312db7650d865c29a0b330.jpg'),
       (6,
        'https://ae04.alicdn.com/kf/S76b47001d824440e98c0f0a55bc350b1K.jpg_640x640.jpg'),
       (7,
        'https://svs.proatribut.ru/uploads/20180906/36_ID49823.jpg'),
       (8,
        'https://encrypted-tbn0.gstatic.com/images?q=tbn:ANd9GcTQwl-wBaTBg82S8mG_IywIYnjPLHQhUXZcdg&usqp=CAU'),
       (9,
        'https://encrypted-tbn0.gstatic.com/images?q=tbn:ANd9GcTcem2Tdfox6vOudydf7u7bmrT-_okY0mdLkQ&usqp=CAU'),
       (10,
        'https://encrypted-tbn0.gstatic.com/images?q=tbn:ANd9GcRYvJrR5YUMRFTxfXrIDA2hRlwjxUmVhA7XJANjQs7cv3PwrkDH2cBTksdqm_Tv-OMm-Og&usqp=CAU'),
       (11,
        'https://content.rozetka.com.ua/goods/images/original/61613267.jpg'),
       (12,
        'https://swbaby.ru/userfls/shop/large/4/38985_petit-bebe-kombinezon-s-kapyushon.jpg'),
       (13,
        'https://content2.rozetka.com.ua/goods/images/original/81325899.jpg'),
       (14,
        'https://encrypted-tbn0.gstatic.com/images?q=tbn:ANd9GcQJLH0uvuixZ9HJMUImFge6pHQn7AZMnQmm9A&usqp=CAU'),
       (15,
        'https://encrypted-tbn0.gstatic.com/images?q=tbn:ANd9GcR0cgoQfuuEiMLZxaCWkLhqo2hvAdXYs_1cPg&usqp=CAU'),
       (16,
        'https://ir.ozone.ru/s3/multimedia-i/c300/6648130098.jpg'),
       (17,
        'https://basket-05.wb.ru/vol741/part74189/74189201/images/c516x688/1.jpg'),
       (18,
        'https://cf.shopee.tw/file/dd9e8aef98bb30ce95b477bde483aebb'),
       (19,
        'https://images.shafastatic.net/502615598'),
       (20,
        'https://image-thumbs.shafastatic.net/991822872_310_430'),
       (21,
        'https://images.shafastatic.net/100463257'),
       (22,
        'https://smartcasuals.ru/wp-content/uploads/2021/09/DSC_1473.jpg'),
       (23,
        'https://encrypted-tbn0.gstatic.com/images?q=tbn:ANd9GcR05oF3ha146qSngrUPI8ojaYqjWVVq5fwCKFgmMo8A70pIXgMGRLdTEhx6cnTHU3dyXHk&usqp=CAU'),
       (24,
        'https://encrypted-tbn0.gstatic.com/images?q=tbn:ANd9GcQz3HZH9jtqZ_tNndIPqEke9w5_0tI5KkfmNHUvEFETvPF7ENtVJTD921fAt7M99Xjnghc&usqp=CAU'),
       (25,
        'https://tessuti-ital.ru/upload/resize_cache/iblock/bfe/600_600_14d9f661248b15d0b6eac66e4ee6fe37e/bfe95474df05ebdc743398ff3e36e176.jpg'),
       (26,
        'https://персонаж.рф/wp-content/uploads//2021/04/shyolkovye-platya-foto-2.jpg'),
       (27,
        'https://ae01.alicdn.com/kf/H7ba2a85421be4efcaa83e8c1cb42bb86D.jpg'),
       (28,
        'https://zara-ru.com/images/detailed/1893/5862157520_2_1_1.jpg'),
       (29,
        'https://legrand-collection.com.ua/images/detailed/4/MR-182-143_N_4qgn-35.jpg'),
       (30,
        'https://ae04.alicdn.com/kf/S8c0b35df733d4f10a46df8f61d8f167dH.jpg_480x480.jpg');

INSERT INTO sizes(id, barcode, quantity, size, sub_product_id)
VALUES (1,
        1111, 100, 'M', 1),
       (2,
        1112, 2340, 'S', 1),
       (3,
        1113, 999, 'L', 1),
       (4,
        1114, 7000, 'XL', 2),
       (5,
        1115, 200, 'XS', 2),
       (6,
        1116, 50, 'XXL', 2),
       (7,
        1117, 300, 'L', 2),
       (8,
        1118, 120, 'S', 3),
       (9,
        1119, 80, 'M', 3),
       (10,
        1120, 150, 'XL', 3),
       (11,
        1121, 200, 'M', 3),
       (12,
        1122, 150, 'L', 3),
       (13,
        1123, 100, 'S', 4),
       (14,
        1124, 50, 'XL', 4),
       (15,
        1125, 80, 'XXL', 5),
       (16,
        1126, 120, 'S', 5),
       (17,
        1127, 90, 'M', 5),
       (18,
        1128, 70, 'L', 5),
       (19,
        1129, 40, 'XL', 5),
       (20,
        1130, 60, 'XXL', 6),
       (21,
        2211, 180, 'M', 6),
       (22,
        2212, 130, 'L', 7),
       (23,
        1343, 110, 'S', 7),
       (24,
        6543, 70, 'XL', 7),
       (25,
        6789, 100, 'XXL', 8),
       (26,
        7890, 220, 'S', 8),
       (27,
        8901, 160, 'M', 8),
       (28,
        9012, 140, 'L', 8),
       (29,
        0123, 90, '40', 9),
       (30,
        2345, 120, '42', 9),
       (31,
        2432, 80, '39', 9),
       (32,
        5542, 120, 'L', 10),
       (33,
        2234, 150, 'S', 10),
       (34,
        5564, 100, '2 года', 11),
       (35,
        2340, 70, '1,5 года', 11),
       (36,
        0076, 90, '6-9 месяцев', 12),
       (37,
        0034, 110, '0-1 месяц', 13),
       (38,
        0023, 160, '3 месяца', 13),
       (39,
        0021, 200, '6-9 месяцев', 14),
       (40,
        2367, 140, '2-3 месяца', 14),
       (41,
        9944, 120, '40', 15),
       (42,
        3333, 80, '5 года', 16),
       (43,
        2246, 100, '3 года', 16),
       (44,
        0885, 70, '36', 17),
       (45,
        2000, 90, '37', 18),
       (46,
        9863, 220, '38', 18),
       (47,
        2674, 160, '39', 19),
       (48,
        0284, 140, '35', 19),
       (49,
        9270, 90, '38', 20),
       (50,
        0055, 120, '37', 20),
       (51,
        9999, 90, '36', 21),
       (52,
        8888, 130, 'L', 22),
       (53,
        8765, 160, 'S', 22),
       (54,
        2382, 120, 'XL', 23),
       (55,
        4372, 80, 'XXL', 23),
       (56,
        8234, 100, 'S', 24),
       (57,
        7234, 120, 'M', 24),
       (58,
        4527, 170, 'L', 25),
       (59,
        1029, 210, 'XL', 25),
       (60,
        2012, 150, 'XXL', 26),
       (61,
        0345, 130, 'M', 26),
       (62,
        0345, 90, 'L', 27),
       (63,
        3272, 110, 'S', 28),
       (64,
        7856, 80, 'XL', 28),
       (65,
        8356, 100, 'маленький', 29),
       (66,
        5243, 230, 'большой', 29),
       (67,
        2725, 170, 'средний', 29),
       (68,
        3835, 150, 'маленький', 30),
       (69,
        2547, 100, 'средний', 30),
       (70,
        8466, 130, 'большой', 30);

INSERT INTO orders(id, date_of_order, order_number,
                   payment_type, total_price, with_delivery,
                   buyer_id, customer_id)
VALUES (1, '2022-12-30', '11',
        'ONLINE_BY_CARD', 2000, TRUE, 2, 1),
       (2, '2023-12-21', '22',
        'OFFLINE_BY_CARD', 4560, TRUE, 1, 2),
       (3, '2023-02-11', '33',
        'OFFLINE_BY_CASH', 1999, FALSE, 2, 3),
       (4, '2023-01-15', '44',
        'OFFLINE_BY_CASH', 870, FALSE, 1, 4),
       (5, '2023-02-01', '55',
        'ONLINE_BY_CARD', 3690, TRUE, 1, 5),
       (6, '2023-05-24', '66',
        'OFFLINE_BY_CARD', 500, FALSE, 2, 6),
       (7, '2023-04-10', '77',
        'OFFLINE_BY_CASH', 4500, FALSE, 1, 7),
       (8, '2023-06-17', '71',
        'ONLINE_BY_CARD', 7700, TRUE, 1, 8),
       (9, '2023-07-12', '23',
        'OFFLINE_BY_CASH', 50000, FALSE, 1, 9),
       (10, '2023-01-29', '86',
        'OFFLINE_BY_CARD', 90000, TRUE, 1, 10),
       (11, '2023-02-25', '12',
        'ONLINE_BY_CARD', 7890, FALSE, 1, 11),
       (12, '2023-04-22', '22',
        'OFFLINE_BY_CASH', 1240, TRUE, 1, 12),
       (13, '2023-07-11', '131',
        'OFFLINE_BY_CARD', 2900, FALSE, 1, 13),
       (14, '2023-04-19', '28',
        'ONLINE_BY_CARD', 5000, FALSE, 2, 14),
       (15, '2023-06-06', '17',
        'ONLINE_BY_CARD', 9999, FALSE, 1, 15);

INSERT INTO fbs_supplies (id, name, created_at, received_at, quantity_of_products, qr_code, fbs_supply_status,
                          seller_id)
VALUES (1, 'T-shirt', NOW(), NOW(), 100, '123456', 'RECEIVED', 1),
       (2, 'T-shirt 2', now(), now(), 200, '32421', ' ACCEPTED', 2),
       (3, 'Women t-shirt', now(), now(), 202, '23132', ' ACCEPTED', 3),
       (4, 'Cap', now(), now(), 203, '23413', 'RECEIVED', 1),
       (5, 'Shorts', now(), now(), 101, '42313', 'RECEIVED', 2),
       (6, 'Deuces', now(), now(), 102, '54353', 'ACCEPTED', 3),
       (7, 'Sweater', now(), now(), 103, '59892', 'RECEIVED', 1),
       (8, 'T-shirt', now(), now(), 104, '43422', 'ACCEPTED', 2),
       (9, 'Deuces', now(), now(), 121, '232242', 'RECEIVED', 2),
       (10, 'Sweater', now(), now(), 131, '432132', 'ACCEPTED', 1),
       (11, 'Dresses', now(), now(), 141, '323123', 'RECEIVED', 3),
       (12, 'Sportswear', now(), now(), 111, '213112', 'RECEIVED', 1),
       (13, 'Sportswear', now(), now(), 222, '432234', 'ACCEPTED', 2),
       (14, 'JACKET', now(), now(), 333, '543345', 'ACCEPTED', 3),
       (15, 'Cap', now(), now(), 123, '098432', 'ACCEPTED', 1);


INSERT INTO orders_sizes (id, quantity, order_status, date_of_received, qr_code, order_id, size_id, fbs_supply_id)
VALUES (1, 2, 'PENDING', NOW(), '456789', 1, 1, 1),
       (2, 3, 'ON_ASSEMBLY', now(), '123452', 2, 2, 2),
       (3, 4, 'ON_SUPPLY_DELIVERY', now(), '343543', 3, 3, 3),
       (4, 5, 'ON_WAREHOUSE', now(), '674321', 4, 4, 2),
       (5, 6, 'ON_PIO', now(), '234132', 5, 5, 3),
       (6, 7, 'COURIER_ON_THE_WAY', now(), '543454', 6, 6, 1),
       (7, 8, 'DELIVERED', now(), '980765', 7, 7, 2),
       (8, 9, 'CANCELED', now(), '876578', 8, 8, 1),
       (9, 10, 'COURIER_ON_THE_WAY', now(), '542311', 3, 4, 2),
       (10, 11, 'CANCELED', now(), '645343', 9, 2, 3),
       (11, 12, 'DELIVERED', now(), '123432', 10, 1, 1),
       (12, 13, 'ON_PIO', now(), '985432', 11, 2, 3),
       (13, 14, 'ON_SUPPLY_DELIVERY', now(), '904332', 12, 4, 1),
       (14, 15, 'ON_WAREHOUSE', now(), '231433', 14, 3, 1),
       (15, 16, 'ON_ASSEMBLY', now(), '432454', 2, 1, 2);

INSERT INTO returns (id, reason, country, city, address, postal_code, phone_number, date_of_return)
VALUES (1, 'Product damaged', 'USA', 'New York', '123 Main St', 10001, '555-1234', '2023-08-16 10:00:00'),
       (2, 'Product damaged', 'KYRGYZSTAN', 'BISHKEK', 'Bishkek 123', 20002, '777333222', '2023-08-24 14:00:00'),
       (3, 'Product damaged', 'KAZAKHSTAN', 'ASTANA', 'Astana 234', 30003, '8342344', '2023-08-30 12:00:00'),
       (4, 'Product quality is bad', 'RUSSIAN', 'MOSCOW', 'Moscow 453', 40004, '34543234', '2023-08-25 14:34:03'),
       (5, 'Product quality is bad', 'USA', 'New York', 'New 123', 50005, '4532345', '2023-09-12 15:05:00'),
       (6, 'Product quality is bad', 'KYRGYZSTAN', 'Bishkek', 'Sadr 232', 60006, '3456789', '2023-10-12 23:00:00'),
       (7, 'Product quality is bad', 'TURKEY', 'Istanbul', 'Istanbul 123', 70007, '5346432', '2023-12-23 23:00:00'),
       (8, 'Product quality is bad', 'KAZAKHSTAN', 'Almaty', 'Almaty 123', 80008, '6546432', '2023-12-13 15:00:00');

INSERT INTO return_images (return_id, images)
VALUES (1, 'https://fromjapan.kg/uploads/catalog/products/full/1677324178_40387800.jpg'),
       (2, 'https://brandambassador.kg/product-category/muzhskoe/odezhda-2/futbolki-2/'),
       (3, 'https://encrypted-tbn0.gstatic.com/images?q=tbn:ANd9GcQd0c38bZ_uOMsl_n8TBkkYN9Jljufn5072tA&usqp=CAU'),
       (4,
        'data:image/jpeg;base64,/9j/4AAQSkZJRgABAQAAAQABAAD/2wCEAAkGBwgHBgkIBwgKCgkLDRYPDQwMDRsUFRAWIB0iIiAdHx8kKDQsJCYxJx8fLT0tMTU3Ojo6Iys/RD84QzQ5OjcBCgoKDQwNGg8PGjclHyU3Nzc3Nzc3Nzc3Nzc3Nzc3Nzc3Nzc3Nzc3Nzc3Nzc3Nzc3Nzc3Nzc3Nzc3Nzc3Nzc3N//AABEIAI8AawMBIgACEQEDEQH/xAAcAAABBQEBAQAAAAAAAAAAAAABAAQFBgcDAgj/xAA4EAACAQMCBAQCCAYCAwAAAAABAgMABBEFEgYhMVETIkFhcZEHMlKBobHB4RQVI2LR8UJyFiQz/8QAGQEAAwEBAQAAAAAAAAAAAAAAAAIDBAEF/8QAIhEAAgIBBAIDAQAAAAAAAAAAAAECEQMEEiFBMVETMmEi/9oADAMBAAIRAxEAPwDXhRoUaUYNKlRoAVKlRoCwUqNKgLBSo0KABSo0KABQr1QoAQpCkKNACpEhVLMQFHUk4xUDxLxRaaGnh8prxhlYQenu1Z1qPEl9qMrSXU7FFP1eij4CmUWzNl1EYcdmpXPEGlWxIkvEJHUIC2PlUPZccWtzqT20lhdQWwJC3b7SrY9cA5GazY34lO9yQo+qM/jTeW+fxAMkjvmn2IzPVT6N3t7iG5TfbypIvdTmutYdZavcWciyQXDrg+jGrvoXGkrssd6vip6sPrD/ADSuFFseqi+JcF6pVzt5ormFZoHDxsORFdKQ1WClRoUHUwUKNCg7YhTPWdRj0rS7i+lxiJMqO7eg+dOywAySAB1J9Kzz6VNYik0mwhtJ0linZpC0bbgwXkOY9yflXV5J5JbYNmeXmoTX15Ld3DlpJGLFj3NNp7oiE4PU02dzTS8mwgGapZ5my2Pf40jkDypG7J9ahxJ051I6dY3F6jSJJDHGrhN80gQM5BIUZ6nAPL9qNx34h4lwSMZqR0m8YNhj/umU+gatb3stt/BzPs3lJFQhJVUgblJxkHIxjmcjvUhp/D2qPKu1IAWwQpuUJ6KegJPR4z8HXvXbF+OXo0PgrWDHdrbSN/Sm5AH0b0P6VfqyXRdJ1ABJ4TC4ypQpKPN6jH3YPwI98avBJ40Ecv21DY7Zqcjbpm9tSPdA0aFKaRGhRNCg6ZjxN9IEZsglgJo3nibYzgDcOXmHuBnke45ds5nuS1vBGijadz7vVssef5D7qio5luVQux27sEZyDz/CjJdpHKERW2dAMcxSRf8AXJ3UY92OonaZ+dMLpsiu80sbkkMAPc4/Om8gjZTubHLvVrPPUWvJwDchUrp2pWq2E+n6jBNLbySrOjQuFdJACD1BBDA4PbAqKCgnCnd8OddEtp3P9OGVs9kNHkfhFstuMZIX8SDTYPE3RurTSs5V0RU3DAHMhFz949a62XFd7DcRSRwWsaRlTtjQ9FUKBlif+KqM/wBo7VXLfS7xwMxBP+zAVIw6PcYG6WNT7En9K6okp5P0uGlcTXcYMSKi2+3bBGFUeAB9XHl54HpyrVeGrg3OiWsjY3EEHHTkTWKWGnsCBJODj7KfvWqcD6hAtkunM58ZSSpblvBrkojafLc6bLVQo0KQ3CNCiaFAHyLCsskjSl85OTnqafW43XAi2nGMnHUmo1JigAU7Rt5gHFSXD8yPq8McrFfEDIGx0JHLH31OV1ZphVpM8XqPAcNGwHpz602jYoyyhFdQOa49Ksa6VfJPJbzKrnZuDbs7lz1FNrTSZDcOkkZVQaRZaHyYL46Pdq8LRh4z19OmKcx5Y8/lTe9gXTyuwF5HbAReVFZ1Ybtwz71rx5FNHh6rSzwv2h8soQ4xmnS3AFRAkLevwrrFuAz0NVMVEytwF/3UlaXxTDh+YOQQelV+yD3c6wWUb3M7EKEj58/c9B99Xiy4C1XYjXtzDbFiAYoV8Rhn1J5AY++llKJXHiyS+qLfwzxIl+q212dtxjyuekn71YjVMk4DEdqTp+r3iXQ5o0wRkJ9wFB/Hl71P8OLq8en+Hrvgm4RyFeJt25e596i66PTx71xMlDQo0K4WPjuZSr4OOuK8NujYFWORzBB5g1bLjQbqHRp9QjtfGiAH9UENjOOnfBHXtVXKF5CDhT0wT60qZWUeS78OcRtq00MF7H/7kY5SqBhxyBJ7HB+FWAWyF3k96zrhZmh122fnt3bGHYEY/wAVqCjw+o5VkzRUZcG3BJuPJUtaxPOI0Vi6vlWHoa9MkpKQtDCkT8jJImRnucVIQoHu7jwwWh6iTHLr096lrDYRtOD8RSb6KOCkinR2k+9vEh2RKxHiJKfP8FI6VZeH9EsrsuXt/wCJlVNypM5Kk+mR0rrqZjDqjlQfQE1J8JSCPUHVBzZDineWT7ILS4Y87VY+4S4fzqltLdZTYMGKJjGrN1zgdMdulaUIwDVf4aV7iY3LLhVXAPuf2qx1oxW1bM+alKkIcqVClVSNCoUqFAGR/SJY3FpplvHZkW1k0w8SMIdmMEknBGfYe3wqCP0eXUepJGo22McfitMx80xwCAB6ZPL4DvWtazpsd7KjTrGTE4eMMuSD9oc+vzpTo0jsznJapPgsmfPvDVuX1G5lbIjgYoi9jn/Aq5G8LwtCxAZlKqx+FRN9afybiLULPGFkk8ZPdW5/nkV6lYNGfU+lZcruRtwxSiT1oY5rRAi7R0K9iPSukISEk451A6Xcy25Ky5O45JqSuGeVNsUpjJ6OADj5ip9lV4Gt1F4+oeJMjOmMAKenvVk4c0mdb6BoOecEbj0+NV61jvDOPGJb+5Uz+taRwB/DzJJcwXAuE5oj7gc9+nKqQhuZPLJxjZa4IlghWNAAFHQV7roVUjI/CvJU4yOdbjy7s80KVKgBUKVCgBlN5+Z50zkwDTrPlprKMmpsoiifSRpBntIdSgHntXxIcc9jcvzx8zVLCPsU9uea2aa0hu4J7e4UtFLGVK9+VZvf6LdafM1vKMjPkfHJ19CKzZfZswStUNdPVXZWP4ipceA7bJAM+xwa8Wtotvb7mGTTHwpklkkbA7VA0jjWYTLaG3tyyIR5vN9b2NS30an+WaVjeSqTODj45/Wqre3soBG6pngG5afTbuInmt0SPgVXH45qkG0SypNGsW2r28io3nVH+qxHI09R1z5WBQ9CKi9GgH8shUgHrjI9zTrYY3yOQ7Vsi5dnnSSvgeNhs46iuVASYkXPRhRb6xp7FAaVKhmunCOXzKc96b3UiQKWkO0fnQuppLYYXaS3qfSmckTSqJJPMx9TUW/RZIZT3E10rKuY4uw6n40biIXunG2l/wDouDFIRyVh39j0px4YVDQhO3PxqTXsonXgqUjSwyNDNGUkQ4ZT6VynTdHyq16tpialEJVbZcIML2cdj+hqtW+HU5HpUJR2s1wnvRVr1MO4NSH0fs6atdwKR4e1ZCMevMU21ZQJmA6V04Dz/wCXCL0lhZT8xTRDJ9TcLNfDtY0+yoFdpBuSuUR8zCvaPnymtq8HmvyeH5xqexr0r7pGHYCkR5WHtmm9uc3Mv3D8KL5ODomvNI0M04p//9k='),
       (5, 'https://www.eqvvs.co.uk/cdn/shop/products/1625219842-59783000.jpg?v=1633714518'),
       (6,
        'data:image/jpeg;base64,/9j/4AAQSkZJRgABAQAAAQABAAD/2wCEAAoHCBIVFRgVFRUYGBgYGBgYGBgYGBgYGBgYGBoZGhgYGBgcIS4lHB4rIRgYJjgmKy8xNTU1GiQ7QDs0Py40NTEBDAwMEA8QHhISGjErJCs0MTY0NDQ0NjQ0NDQ0NDQxMTQ0NjQ0NT40NDQ0MTQ0NDYxNDQ0NDQ0NDQ0NDE0NDQ0NP/AABEIASwAqAMBIgACEQEDEQH/xAAbAAABBQEBAAAAAAAAAAAAAAACAAEDBAUGB//EAEIQAAIBAgIFCgMECAYDAQAAAAECAAMRBCESMUFRcQUGIjJhgZGhscETctEUUmLwI0JzgpKywuEHM0Oi0vEko9Rj/8QAGgEBAAMBAQEAAAAAAAAAAAAAAAECAwQFBv/EACsRAQEAAgEDAgUDBQEAAAAAAAABAhEDBCExEkEiI2FxgQUyMxSRobHRUf/aAAwDAQACEQMRAD8A4nkzkqoaxVUYlXcDIi7UWTIschpMGW53GHS5DrEIdEjTpOSCCChQOCGGsG1Pxa09cr4RQ5cdbLgbAjVwPlxkKcnIdYv0WtYWsXBDkW3sQfHfMrlkvrF5cnJmI+Eg+E7GpVRrqLgFRiVsVvpC5DEG1rDM7J6B/hYjfZixUgPUZkuLXUqgBHZcN4Tdw+EQHJbdXR16l07ebt4zUwtBUAVRkBYZ3yGrOWxuV8osnstiIQRCEuqZ9Xh6w6fU7z6mA+rvHrDp9TvPqYAwG66d8OAeuvfAkcG5tbZ53+kDPcJL+s3Ae8AyQGe4fnuiz7Pz3QoxgDcxs98eKA2e+Kx3+v1jiKA2e/1+sbPfCjbe6A1u0xR4oHG1OdlItYI5W9tK40jwS3v9JYwvLuHc6TOUNraLE59WxAW4tl2a++cOEMNE7fbznmTqct7qnqr1fDLt7BY67ggEEScGcpzY5NxNNtNjoIR0kbNmtq6J6vE2PZnOn0p3ceXqx3rS0u04MMSJDJBNEk+rw9YVLq959TAfV4esKmej3n1MB5GeuvfJIB668D7wJdrcB7yOSbW7pHaSFIHJLqo3EnhskrtYSOkLXY6z5dkBmuP+/wC0ZH6Sg7b7d0MmRVlJGWsZiBZYZxjGo1Qw3HaN39oZEAIw9o8Vvb3gKKKKBwuD5o1Semyou7rk8LHV3jhOh5O5Fo0LFV0mH675kfLsXuz7ZFzZ5ZXE0wDpfERUD6VukbW0wRlYkHge4nYYTm4uHjkmWM391ZIa8aKMZuslQydZXpywJIZ/p6x6fV7z6mC5y8PWPTOXefUwCEir1URg7sqqAbsxCqNesnISLlLHJh6T1qhslNC7b7DYO05AdpnkP2TGcrt9or1NClc/DQXYKBcWVbgcXOZz2WkZZTGbq2ONyuo9kw2MpvpMjq4OoqwINrbo2IJCm3Z6ieR1+ZdagBUw1Y/ETpLlolrZ6NwezhnO+5sct/a8KrsNF1b4dVdWi668tl8j2ZjZIxymXhOWFx8uhqU7SEmT4gysTLqCvFeCDFeAQpg56jvEkwzXDHc1u7KJIGBPRb5j7SBIYht7veMYht4+0kJtR4GKDVPRPAxQPO+ZOJdMQEAurqwYZZaKlgR/Da3aZ6CZ5RhnZGV0OiykFSNYI1T1ZHDAMBYEAgHWAc85x9LfhuKuPgxkZOclaQPrnUsnpGWSZUpGWXMAW1eHrDpau8yJzl4eskp6u8yRxn+KxqNg/hUxdqjhmG0pSBdrbzpBJjcm16mGNPDqjMFRQWYAIcj1WB0r3BvkRq1XvND/ABI5SShXwhqBihWuG0dYLfD0TbaLrn2EzRWqAuZF9hMw5r3ks7Ojgx3Nzyg5X5YWioJUnSvv0QALktoqxAAzvaZPMrH3x+No3Fn+FWUA3XIAMVNhe/xFOqbtMo69IKwFtobO3CcdyLi1HLrFSCKilOibi60wbHt/RyOHW1ueXT13EmVbyxijKt50uUQMe8C8QMCzTMHA9T95vWMhyiwP+WOJ9TAkMQ9/pGjrq7zAjxJ6DfnaIoOLPQPd6xQPK6VFy4QCzMwQBsrOxtY7s9c9URAoCjUAAOAFhIvslPT+LoLp20dO2duO/ZfdlJ5z8PFcN7qsx0FpXqSdpC4m1WFSMs3lSkc5YBiBP9JNS1d8iaE1VETSdlVb9ZiFHicpOx5T/jPiP0uGUC5UO1td7FCMtxufCanNvFmthaXxx0tEXOvNCQrdhIAPfMvnvhxiMS7qwYsqUqbDMBQBcjeSzHuAm5gcOtKmqAEKqgC+wDITk5OXHLtj7V08GNl2XKWK+EjtQV69XRsNEFzfUukfujXbsnl3JlerhMbSr1kenasrtpqwJQtZyLgX6JbMT1DE46lTC6Thbm4Glo6WY6Vr569Z7hCxeIQ0WDqrq4sodQykka7EZ75GHN6JbY05uP1d9+Hb4lr6s8siNRG8SGcZhOXq1JVpaKEIAqhr3CrkFBBzyy2zWwPOOm2VRdA/eGad41jZv1y2HV8WV1vV+rkuNjdigUKyOukjBlO1TceUktOqXaqT9U8D6Q8GP0a9/qZG/VPyn0kmG/y14SQ8S/X1MUdRkIEOK6veIo+JGS/OvrHgKIRRwJUAZE4k8FxArLrllJXAzk6QFiKoRWdtSgseAznmnKuLrVdJi13sdEHqqTuXcN3ZO251VCuHIB6zqp4Zt/TOJttOyeX13LZnMZ7d2mE7bZZxNVdHSTSK2N9JhcjU2o57ZrjlcumidNCeswAJAsdV7bbDZke+CADIsTYKb5DLPvzJ8pyY893qTy0m57qVNqqEuNF3Y3LVAXY5AAAk5DLZGxXKOJfRDKlhsCsMu9vKX1UQKtMGR/UZXtkbuvLOXlJAOn0RqzBZTfIahlL1MMOq3bY9JSN4Ou3eJi8p0NJbW2j1lzBVdEAG9hq7JplJ6N4qzy1UruAV6ShtYR2ANr2vax26s5tc2uUDSZaRN6TmynajtqB/CT5nx55MRpdXPtsbeMuYRXLAKOkSANueyV4+XPjzn+k2Sx6NWPQbgfST4f8Ay0+UekqYk9BuEt0zZE+VfSe+wEBHXUOEYQlGrgJIhr60H4h5EfWKFVHST5voYpAEQ1gAw1kBrSN5KRIqkCJBnJAIFLXJCIGDzvqgIifect/Ctv65wf29dKkp/wBTTH7wF17smHEidTzzxINREGtFYni9rA9wB/enmWHV670lS96bOxI1qFa9/Txnl8mE5OXK3xP+VpLrF2SGDWUEEHVlfuMdY5cgNY2upB4bvSeXP3NL4ICJhHSKRtLPxlHWZHQoMx0VBJNrBRcngBNN6d1PCbvMjBjReqRmLIh3ZXcj+JR3GdfT43lsxVy7d2bguadd82/RqdekSL77KpuOBtOu5K5Hp0Mxd3tYu+Z4KNSjhnvJmhHE9fj6fDDv5v1ZXK1DjOo352iWx1E+UekqY7qN3eolp26q/hE6FUh1Q5AlQMoZTcMukDvBFwfAwlqDLPXq7bC/oJIT9dOJPlFGGbpwPvFIAgSRZED2GSqeMgORIXkrMO3wkLsN8BqYzj4imzoyq5RmBAcZlSRkwHZHpkb5S5bxFNKL6ZbRYaPQyck7FOzUe4GUzusbamPLOVcc4Jd7sSSS17k32kbsv+pW5q0dBKlUa3bRVr/qDNx+82iOCkbTJ8dgGe1iQLi9hc27L3l7D6IUKo6IFhbZbK3daeRnyScd9Pm+Wut1MljnCsCrZ2yPf2cZGri1hJVHRPfOGdqufZFEYjqlBNTXI8PYzrubdPRw1PtDE97t7WnJUTO05GW1Cn8inxz956X6dPjt+jPPwuQhBtHnsskOP6h7vWUucNcqlSyB7Um6BFwRom9xtFrnul3G9TvEyec56FUarqq5G3Wemv8AVBEvNfEO2GGkmiEBRMiNNAq2fM53JbPba8z+W+VDSq0SE0mVXKXuQ5JVSigHNhkf3hNnkwWw6Z/6aWvnkQpEynJ+30hc5UmIz+8a+l4hF8BIvhPu6bDm7rlboE+f948WE6/BLeYilkGUyUCQqZOJAcyBhLEhYQBQStyrgVrU2Q5XsVO5hqPDYewmWliMjLGWao437P8AApuGye5B23NyEt2EWPfOapYlmdy50i2i+oC2ktrADZ0b987jndTvTRt1QX4FW95wlAZkHIqzKD+EMSoPcRPI6mTDeE8ajf1bkXhC0rK2QN1O/LbcdsBVhsp0WItkNptryHGedN77LAOuHa6nxggWhKbGQHonVO+wCaNJBuRB/tE4DQsZ32AqaVNG3ot+IFj5iel+m2eq/Znn4T3jwYQnsMkON6o+dfeY/OY9Gp81If8Atp/SbGL1J86zA52VdBKjEEjTpg219cat+dpFTGzycLYamP8A8qQ/2pMi18fT7KX/ANf/ACE2sMwNFSDcaCAdwA9piU3H29Qcj8EEXtnfTGXeSJKY6rBDpn5R7fSKPguu/Yq+8UlVBTOctCUsObkS8BIgUjeS2gOIEUYwiIxEDC52n9Cv7QfyPOJJW+eROvcZ23O7/JT9oP5HnFETxOuvzvxG2HhKoy3iM51DeQPU+0q6BU3UkHs998T1ibE6xfVle/5PjOSYze5V1xTCtMxceWAKaJG83N+GcNa1X7w/hX6ReKzzdK7aSnfOy5AqaVED7rMPE6XvOGQnab+XkJ1HNWp0nW+tQQNmRzPn6zo6HL0c0n/vZGU7OijiPbKMJ7zFBidaD8YmTznwgZDfSv8AGp20QW61RUNwAb9F2y3lZr1uug/H9JcqINI+PuJGtkUcLgVpUvhpchb5sbkkksSTxJmSeS0fFkksCEp1D0TmyMQF09i9FTbffu6Qrs/OoyRUGuwva19thfK/efGLjtMocCOk/wC6PWKFgtb/ADWil0M/CZnWJc0eHhKGBGc0QBKhAHsjODb+5j2jOMoEZv2+Ma53nyhQDCWLztB+APnX+V5xV9u+dxzqH6A/OnvOFQ7N08Xr5838Rrh4GwlPFdU8D6S4ZTxnVb5T6Tj4/wBy1aHKnJTUVo1AOhVpUm+Wp8NdNTxILd53SrTE9G5TwC1MMtM5dBNE/dZQNE/nZeeeGmVJVhYgkEbiMjO3rOL031TxVMbtMs0uRcToVUOy9jwbL3mUkmQ5zhwyuOUynsvZuPSb5QC0HAVA9JH+8ovxGR8wYboN0+mxymUlnu56iZSXpm2QbP8APdLtXrGVVXjJNMk5yRKuvx9IYkSnPuPtDUyQWB/XP4z6CNGpoQCAdZv3xQM/ADOaAlHAqLX+sujjIgeM+qPnvjMDb+394AQTHzjG8JY3O02oH5095wzCxvO253n/AMc/On9U4q+c8Xr/AOX8NcfByZVxnUc/hPnlLBlPHt0G7bDz/tOTjnxRavWma9JDvVfScJzjS1c/iUN39X+mdtQP6Cl+zT+QTkedqWdG36Y8NE+5nsdZjvh39mWPliqZKpkCGSgzw7GzuOatQtQI+65HcQD6kzUqA/m0wOZLXFUbLofHT+k6Gqgn0HSZb4Ywy8olzIF7XNhl3+0ldbG0rYY3ZfnfyBtLVbrHiZ0qkpz7j6iGJGnt7iETkZIlo1AwBF7HONGwi/o1yG33igUcEOjrlsL2mVcIOiJZBkA7HfGN7RxE2qAFzFcxR4SwOdwP2Y9jp7j3nFIdU7rnYt8M/YU/nUe84GkZ43Xz5n4aY+EjShyh1QN7ekvGUMXmeE5OL9y1eq8ntfC4c76NI/8ArWcrztPSpjtqH+WdNySf/Ew/7Kn5IBOX52HpoNwfzYW9DPY6m/Iv4Z4/uYqQ1OUj2cYbZCeHWzruYuqtxp/1zpqgnNcwx0Kp3snkG+s6arqnvdHNcM/LDLypYPrJ89SWa3WPE+srYLrJxqnzEsVNZ4mdSpJt4D1ic9FuB9DGX6e8Gseg3yt6GSLmE6icD+fONCwvVT5f+MUChhx0RJgZFS1CSCQJBHbVGEcwAjwRHEJZvONL4arwU+Dqfaeb0zZiJ6hyyl8PW/ZufBSfaeXtkwM8rr58U+zTDwldrSi46N++Wq2rjIKw6JnDh2WelchNfB4f5AP4SV9pyvOVr1j2Ko82b+oToOaNTSwVMfdaov8AvZh5MJzXLRviKnzAeCqJ6XVZfIn10zxnxM9RmIVQxIM4FUzyfNbO35ir+ic/jA8FH1nR1RlOf5lC1Bs9dQ+SJNyu2Wue/wBJ/DGGXlVwGtOFQ+ayw+s8TI8IlnQC9gr+ejaG2udCpht7veBX6jfKfSSDb3ekjxHVPCSNCh1U+X6RRqWQX5R7R4GCijcJIh7fO0zlLj9ZvI+okyO/3vED2tK7GirnefEwxUb7x8vpKK1n/D4H6wlxB+6PH+0bhpa+M2/y+kJa7dnn9ZTNbs8IS1huPlG4nSblCuTRqiwzpvt/AeyeaOJ6Dj6o+DU+R9h+6Z5+Z5f6hfin2XwRtskdReifGTkQHGU4JV3W8wqt8M6n9Wsx4A009wZgYzEB3qONTOxHAk28rQ+Ra7Jg8TbWXROAcENbuBlFJ19Tnvjxx/KMZ3tSDVItbSVpHSE4Ys9A5mgfZ2/aN/Kk2KyC2qYfM9rYc5/6jbPwpNmrUNrZeM+g6X+GfZjl5RqtsxCgaR3eBjht4PrN1Rj39hAqpcW4esIMPyDuEcMN48ZIsXawy9PeKSCKBgBIQpCSLHmayP4cYpJwIVoFXRi0ZY+GIjTgUMbRZ6botgzKQL6s/wA2nFYjCuh6aMvEZdx1GehFJG7ETm5+nnLq71U45aeeBhvjpRduqrNwBPpOv5Wxy0aNSobDQRiDb9a1l8yJRwfLeDVMsRR0QB/qID4XvOW9Dr3/AMNMbMmVydgm+EyMSprYlETbnTFQ1NIbgEfdmBnKhplazYfM1EGkygN1bKdJTaxHSXxnXci4pGoq6Zq5dxsuHd3vb96YOPxdOlyoruQofD6GkxAFy1wSTq6lp059LhljrvuRSX4tKLoRrBHEWgUxOm5P5foPiTh0dX00LXUgrpprTSGTErpGw1aHbNargaLa6acdEA+InN/QWztf7rZZSXSHmniNGgRa/Tbb+FJrVcUp/VPdaVMPhqaDRRQoJubX198kKz0OHG4YTG+zPLvdpPjJuI7vpDWom+3iJX0YtGa7Qtq67HHiN0lpg31zO+HEEAzEbQ1tDsXwimaHb7x8TFJ2AWGBGVZIBKLGAjxwse0kNEIWjFaADQSBDcSO0qM7lnk5a1J6Z/XUrwJ1HiDY9082w/MHEs9nKqoJ6VwbjYQP+p6wUjhJaWxGmfydyctKmiLqRFQcFAFz25TM5yc3VxKg30XQHQe2z7rDaL+HjfpVSCyXMjdHk+G5v4/DVkqLSLFHDAoykMBrGu9iLjMDXPWETfHSmJKBJuWyQIpxGnJrRQIdCLQkhjGAGhGKyS0a0sA0YoZWKAKrDAjAQ7SqTWjgR7RxAa0VoVo4hCJhA0ZORAKyKIrRwsO0ICQkGjGCya0EiSIiIQhBY1oBrE0dRHMlAAI0OMRLATGtCtGMBRR7RQGAhARCFKpNaKOI5gNHtFHgMRBhmDtihrR7QopAa0EiSQYDERgIo5koOBGMOCYCtGMKCZYNaNaOYhAVooooH//Z'),
       (7,
        'https://encrypted-tbn0.gstatic.com/images?q=tbn:ANd9GcROBnYr-OJdr2QkRrLG9GAsm89waL6kIzGRanwXR2qSEjsru-fVVQmUhZreo-8UlaYu3NU&usqp=CAU'),
       (8,
        'data:image/jpeg;base64,/9j/4AAQSkZJRgABAQAAAQABAAD/2wCEAAoHCBUWFRgWFRYZGBgYHBgcGhgaGhwYGBgZGBkaGRgYGBocIS4lHB4rIRgYJjgmKy8xNTU1GiQ7QDs0Py40NTEBDAwMEA8QHxISHzQsJCs0NDQ0NDQ0NDQ0NDQ0NDQ0NDQ0NDQ0NDQ0NDQ0NDQ0NDQ0NDQ0NDQ0NDQ0NDQ0NDQ0NP/AABEIAQMAwgMBIgACEQEDEQH/xAAcAAABBQEBAQAAAAAAAAAAAAADAQIEBQYABwj/xABAEAACAQIEAwUGAwQKAgMAAAABAgADEQQSITEFQVEGEyJhcUJSgZGhsRQywXLR4fAHFSMzYoKSotLxNMIkQ7L/xAAZAQADAQEBAAAAAAAAAAAAAAABAgMABAX/xAAnEQACAgICAgEEAgMAAAAAAAAAAQIRAyESMUFRIgQTYYEycUKR0f/aAAwDAQACEQMRAD8AseFYVSbkwvEKat+TlIGCUm5JsIlSoUNxrIuS6FrVllRzhMoOvWUWIc5iCbnrLI4psu1ryOmDUnMx1glctIDWiLT38UucNi3Asu0p8c+Uiwk7AcSVdLXix1KrAtM2/CMUpTxHXzkevxLxhVEy+J4yPZJEDgcbmcG86FNN0Ny8HojUcwHpI70WBkfDY42GsnLigZXaG0wNJTeTsO5trIq1bGEFUQPYUHrC4NpDzMIQYoQNTEiZJmdBXrmwgTVN4GtWB5wPe2O8ZRFbLJa5vHh77ysWvrvGnHhTYwONBsi8b8Osr6PFDkIkvGYtWuNDeZvFVCjG2058snF2ugoZi65Y3tK53PIyQa95FdG+BnnylKTugMi94SSItB1A12j0om51jVo3uL6xop6pEwn9TUzrm31+c6CyP5fOLK8o+gfounr2jcWwy5ucElEubxcTTyiwmjNLXsrK2AFdrXMd+LsNBrA5S2givSsI6k0rJWwVSux3EdRbXaBem52nK5FrxXd9i2HrP5SbwXC5nBbSRDaScM5uLGUg+L2xkbtMEuUWPKCNOx3lTRxb2FzLHCNmNyZ2RnZQlIbbmPRl6wGI4zhKb5HqqH9wat8gP5vKXGdoaIfKuZb7F9L/ALI2PpcGZyiFRkX7gcjB92CNT9ZD4FxKlVGR2Val7Zb6N+zfn5by7q4AWhUk+gOLXZENJev1jWoL1+smrw9TaFbhiw8kbiyrNNRex19ZnsazZyCZtTw9QZUY6jSuQRYyWRclphSoyb5gdDtIuIcvvoZY4miEJI2kR7EXE4Ztq1YaK25GhEde4/jC1dtZGYiQT/LFehrUzbQ/WMw7WJzR/eaSPiTYc40WqFbJHe/4vvOlXc9T84s1oHI0yEg5V26yQlAtvK1sU4tZd4ali3GhmjGpbKOcejqr5WsILEuSNoNqpLXklnuu15VNVRJu2QVq2EcjZt4yothdhGIDymYpMNMyRhsOR4iZGWqecbiMQbabQxa8hTRbPXAF77eci8f489KgMn5nbKNbaWubEajlK3CPe95XdpW8Kgeyb/P/AKlYyd0Uxu2DGLYoFZkzHXKxLkdbFtt+crquILaEnQgEXvY+zlJ5GwGvl8I+fMNDci3PX0j0s3S4G22ZfLzH88pWitkmjinsPFqNOYuOX7LbfH1npvYXtY1U/h8S2ZgB3bm12HuMeZ89/XeeVGqpve4b6N5+vlO4biu7qrU1GVgQQRowN5lpme0fSRS1o4yDwTiIxFCnVHtqCfXY/UGTne2soYbVqZQZk+J087Eg2k7inEirbSrrcUTLroZOTXTFbIeWwN9ZQ4muAxy7S3V2F2IuDKfE0w5JAM5syTSEbfgYXvItQ7iTmp2GkbkVhrvOdpp14M9lUlTlOZrixkrE4T3RrID0XAsRrCo2K1QPux1nQXdP0M6JwkIaShXJOohXYX2kShUANzJNgx0nQ2w8hgcXtFNbLrAuljvGu4ItNboFkhawYagSM72OggiDbSGoUid4LYOTY4VvIRO85WjqmHIN4xXh5MOxyIb6DfzsPjK3j2FYZgy2IsQbghgRoVI3GhllSq5mC8ibH46R/FMA5Qm4LBvDbaxBuvobfMCNGT5I7cGOMoN3tHntXTTYiR3qsNdjyImnHDM1ZCRudZp8Z2eoVN1APUaS7mkNHE5WeYPiSRYxEqNmuDr5c5sMd2PVTdGPpJOG7M00GYm5/hsIeUaB9mVm+/o4ZvwFLOxLXfQ+yM7WA8rfeal6vnMxwVQlJEUiyqAbaAncnfreWVWsQL8o/NUTeOUewHF7b2Ez70kcXljjcWG0lNiKwG0hLJGxZIe+LyoVNv1lTSrsxNhHVsUCbRtCqEMSUlIk5bHtWI3EZVfS4hK1dXG0iPptIy06RnIQVmG0e2K01EGjrbWCr2I0i2wcg/4odBElbYxYty9i8yyCAsJIyEHSWKYYWzWnBBvaWkqLRxcmVdQEXvAVFsJPruL2tHthQVvGitAlD5NIp3qHLJdDEWEIaa22+kfRRek3FE+DHVK2kFSIMlOq22kPG46jSXXxt7qlbjzJJFpowt6CotkrDU1Dba8usvXpXADb2FweUx3ZntTTTEHvgFRxZH5I1/aPIHa/L0JmvxlUqc41Gvx5gx5pxSR3fSxq3ZBxwRGBcW6Na9j0v/POBbEo2iuD6H9IXEcVpuhV7AkbG3zW/OZ5sNSquVQtoNl0VR1vawgir7Ohtrotqjn3/wCfnIeIxaqCQ2YqRm12vy9dtN9ZB4nhEw4ph3Yqb31OrbgHXb83ylHxTjJZ1FNmVEAAykjW5Jb12+UrGNk55HH+zZ4fjOTDl0N2HnoWNvnvCcB7SVKrFKo3+VvjMLwziuQBHPgv0Gmt95pqLJ4XQjQxJJp7KRlGatGkx1HIeoOx/SUmKvfSaTCV0qJlci3rYi3MGZyvikLFVIaxtmAID29oAk6SbxPcl0cWeFEUpciEKwwcQ4W4uBE42+zmor1fWxnM0NWBvtaMNtIaXsCjeiL3ZIjnQ5ZZvS8AIgkQkWtBprsKx0ytyGdLTuz0nQcF7NwL6gngF+ka6Q2JbKmnnIFPHaC8pmu1R6OGcYx32O/Ag6+clNhCEtB0sZpeTBicyxop8UK5R5OipbCaSs4lxGnQFvzP7o3+PSWvHeJLQpM51Y6IvVjt+/4TzGrWLksTqd/WUhDk22Sm0kkWuM4873BRCvQgn9ZU1cUD/wDUg/ZzD6XtGZjGs5nQkl0SA1KgPs2lpwntNXoDJfvKewRz+X9lt19NRKxmMYyHygaT0xoycXaNhw3HUsTcWyuuyMRqvVesdUth7vmVFXazXJPuBed+kxDADnECc/rE+2iqzOutlrxvjj4lkLKFCA2VSTcm1yb+gErREAj7R0kuiTk5O2NJhMPinQ+FiPLl8oNhGDeFoF10WjcVqt4FJAOhC+0Z6j2W4QgwwD+JnALnmp5BTytPG7kHSejdieP51yOfGu/mOTSc1UaXRbE1J/Lsm8U4U9FxfxIfyuNvQ9DC0jYTYUXV1sQCDuDqDK3H8FNiaXiHucx6dfv6yCiltAlgp2jLYypfaRWQ2uZOZN773iVqN1AEChF7bJyxOL2DXFeEC+sclcjlF/q06Syw1JVGtoqhFurAlKyL3vlFknKs6dHGJth62NQAAwJxtMcpDaojWJBhl7vnJOVg5EhcUjeEDeW1OgAukpqeRTcSRjOMpTpu59hSbdSBoPiYVIZMwXbPiXeYgopulLw+r+2fsPgZn0MGKpZmZt2YsT5k3P1JjlNjOmKpUCTtj4+0SIDGAIywbLDiLYTGLrsriUUhGZQWcBVIuSWAA2pk78y4Hl1g9pqjF0zBVcIoZQ2cr4mPiNrX121sLSvciDRJJYkp8y7zt4/t+BgSLlhTOtKkADiDAhXEaBMYG8NgcW1J1dd1Oo6jmP58oyoIIiKwp0e1cA4kHRWU3BAImko1p5F2D4llZqRP+JfT2h89fiek9Lw9ec7XF0d0ZKUUxON4JWU1FFmH5re0Pe9R9vSUBqDSa+nVBmc4pggj2H5Tqvp0+EnkbS0SyqtsYMTEasJBqr5x51FryKZzqYXv50F+GPWLOjkLyLdcAkT+rU3gjiDm0khXsLmRWKt2NX4OXApMt2+CJh1UfmdwPgoLE/QD4zR1cbblPPu3eO7ysickT6ubn6BZSGL5J2bRmEnZ9dYsE07RSajXiwFFtIcGExxMQvFteJ3cxhmaLmvCClHhbTGBqkRjrHVHiKsxgTRAI+04CYxI4bwmpiX7ullzZWbxEgWW19QD1E7inZ7E4fWpTOUe2vjT4sPy/G0vOwVbJixf2qbr9Vb/ANZ6O2KWc+SbjLVUFKzw3CYhqbq6mzKbg/p6EXHxnqXAuPJVQMDY7Mp3U9DJGL7PYKr4moKG6qWS/rlIvKetwXDUWzU1qKT7rm3pZr3mcovseM3H+jWU8YL7wHH3DoljqCT8Lf8AUolrINs/xZf+MeKittcDzN5DJUk0mPLNGUaG92DpeNfDkbGPLIusHUxiSP25ezmdBO7frFg/x69Z0pxl7B8TSAgG1tZyi5kB8QW12MMmLtYSfMty0Sa6DLtPH+K4rvKzv7zG37I0X6AT0/jvEu7w1RxvlIH7TeFfqZ5KF6Tq+nbk3Jgb0JBvCHSDc6zqFH0jDrIlI6yUhmRh4hFMZOvCYIXjGaIJ0wDlW8e4sI9Eg6m8xhgE60dadaYJb9j/APzKQ65x/sc/pPTTSE8u7MEjF0be8f8A8NeeqgTi+omoySfoKZEen0kfEYYNvvLMgCCcAyH3ldMNlA+B18o9sLpYSyIubQboQIrkvIuikfBEmxhF4ZeGZjm10hPxXKZZPwBqJAOBM6TfxI6To/N+hfiPTiVM3vpGrxBL2tc8tJATg2e9zl6SNUoGm6sPF6R1V1Q8rod2jVqyBEaxDXINxcAEAfMzHYnBvTPjW31+2k9IoVkf2LG3SOw3CVbEI/K9iOVjNjzuMuLXkCbejy42I3gGE984h2TwVVfFh6dz7Sgo3+pbEzK8R/o/wiAspqDyzgj6redfNeS7wy8HmCUyAre8WA/y5f8AlCoCJYcewqU1pKgI0c3PPVTf1kG+keLtWRH3igGMRpIRowAeUwqJHiLMYQ6CRx1ha7co2Yw2IY6IZjE7s9VVMTSZtg2v+lh+s9JTidM6AzzPglLPiKanmT9FJ/SanEoUYWBnH9RXJaA209Gm/GJOfFobC+szBxLE6A6CDolyS7XFtpDin2jJs1RqqDBtiVzTOrin9TGtXcX0NzF/QLLzFPTZZXCogNv3wRY2AIN5HP5rSiVdINWTe+SdIGQzo9fg3E1VRVcrcW5Xhk4egW5GaLUqIlj5Xy9YVBdcw0B5RZY/DZW0yIyeElV2k3hyC6HneMwr3D2U3XcHnH4SoM6i1jeZY0mmGNckaInSUfGWuuUbsQvz0ly50lHiqhzqQCwW5NuWlhLSOluk2Yb+kbBolOkVFjnZSfIre3+2YZDpPSf6Q7PhkIGoqqfOxRwf0nnCJK4V8aOSQqwimJkIiot5UQIHhlOlzEp0eZjcQ/ITGBZrm8UGMEIizGHWjDC2g3mMXHY1AcZTvqBnP+xv3z1FaSNe6i/pPNOw3/ljyR/sB+s9OwtdLajUTlzR5S7GiVp4Yue6gWO8m1uHIUsAITEsoFz4b7CBIAsTc/OR4tOmxqV2QqfAwpBJ5yVW4ch8K2JtFr11zCxP1hKLgbXvbUxVG32guKZBfhgtdvzSE3Bdb335y4zBhfW14lV0A1J05RqlXYKKT+qfP7TpK71PfM6bfsFr0JQdcxDAsOR3sI5sSFYKrA32HSVdftBSpD+zAKnYx/CKqVFFRhqTqOYEdxYjlT0WSYh2YheW/QiTsPTXOjc7ixlW+KSmMqnNmPLUx2HVy9MqwKBwWve8MV4GjL5Gzrfl+EyGKqVjXshsntHraavHPZL+UwdJw2d3Z0szWHlfSGTV0Xyuo17A9r0T8M5uWIZNeQ8YB+5nn+TSbHj6P+Gds3hBTS293UD7zHU2lsKpHPdqx9KpyPz6yUoEi93edntpe9pUAarV6SJHsY5EmMKiR4EW0dMYYTAu94+q0EBMY0vYAf8Ayx+w9vWw/jPQXUi9xtPMuyVUJiqZJsCWBPqjAfW09UwVRWZgPFpOfLG5BUq0Ra9M5bt4unlIrK+4YZRuOplniEAQqRYnn0lXicIO6Kq4v1G8jx+Q16OWicwsbt03h6hcb3HI2kWhUWmA4BOljfc2jKHEc72YEA/SBpRQFLwSu5a3P0iMrZGyi56k7SQiF/yPsdQTynY+hkVRcK1/W/whUVVjciq/CDmRfnOlsMIvQ/KdB9lGtFPhaVEIE7nQjS+/3kd8PTpAsFYW8/46yr4izAK61fFa4t9iJSY/iFUhSxNjy85W3Ig2ui5qcUpLUzZWzA7fwvNPwTjyV3SkEIa97kbBdbzzauczrrrpNZ2JJGJVTuQ32jdaNB1JL2z0Pj75aDsOSkzDJxhVDZ/+56BxTCmpQdAdWRgPUjSeHXfIVtdsxBB9kg2Iicblv0dH1Lar9lxxXiqvh3RbjOVsLi3hZW/SZQG0uk4axRTuV3Eo1MtBraRCEk0EeqYNTOi3lRgiEGHDCQzHAHnMYlh5xawkbNEZiZjCk3MdaIixzTGC4FlDoWvlzLmtvluL287Xmyo8WwyNlV6oLesw6HWahcCGqXPgVbXHO8nN0Tm62avDV6b3ANRzzEn4PugcgXY3N5lMPilosXR99MvWTuGY01ixRQljqSdzIN+UhlLqyfx4oxIzMgtqw2A+Ug4JKS5bM7et9fPaScfwipWSxKkHleVGLxLUwqgWKaH90DdraQJSrZcrxLDKzIWK39QftLDCKpsbO2hsx1sJk8Pw2riXWoqELbU7WmkrcTbDoEDgkjKF5iNGXhoMW2rZY/jP8f0iTD1OIm58Z3PSdBTN9xejPUceGTM48QNgRG1qgZkznf5Sz4TgsNWKoqOATfc6fWSu0HDMNhygdWe5sACbj11leKTBxvZS1cMpqXLWtaxmn7BYQfiQ12JCPfpuolcuHw1wSjg+v8ZqOw1SkXcICpUAEE3vcnbXy+sD0g4Vckvybt2tPNe0lKlSru2gzMGI8yNT89fjNnicZatTQEePMCPRb6fT5zF9rcOj4h89N3/IbhtNRppcdD1k+2dn1ULhRCTFoi51ytodCbXEwuUjQ6aA/Ai4morYeiLKaNQ6G2u2nrMub3sb3GmvK2lpXGkm6ZxY6SodOnTrSw44PEvOC+UeKZmMMj0EctLzEIFA5zGG2jWjy67X+sTKT/P75jDFE0laoq1Qvie9jYbfGUKJrNguKwaZQS4chdbdQN7aSeSLaROSsqULPUJsEVTYDztzhMPTqAsqE7m7crk7CWtGjhGd/G4O5zaDblpDcOfDUSxRmqa89QDztpJNeheNu2zqD1SAoJSw1Y3JJ8hKLi2Kq5CuRtX3K+I78poF7RUy+qEAdBHmtQdg+drqbqCOfyk467NUXqyJw7ilVUCjMlgL5tCT0tyhqmDoOVLuBW3sOnSVvGWoZy71mUkaDKbfaDwPEVQlFAYm13I1C/pHcfKGWnvos/wtHqIsT+r1Ouc6zpHf5K0il7G4oobmxG2v6RO0FM1MQBe439JX4GmwpGw9r5GTMOclmc67ecvJ+SLk+LSC1aZzWF7CF4NxFKOJS9xrZjyseZ9DY/CAxdcI4ZTq20p6mIZ6pLC280VbFxp8uXo9rqUwzK4toL3IBt5gk3U6nbe8xf8ASArU8lZKv5iEZBubBmDenKUvZ7tJiaSG750GgDa28r72hO0XEBiVVmVEZb2yi178j1iuNOj0cv1OOWNp9j+HV89MOxtbrzlHx+j4lf3rg/DYxUVl7vwkjpqAZK44qlA2ezZh4OgIIuIYJKVo86OpFAL9I7WIGjw06i40hvKNJbr9IWIYaBZEquw9o/aNAJ85MxeCIpJV5MzKfL3fnZoCnAnZr0PopaSUbrBIY9YUALeFxKFijDkQPkbD6Wgl6SXglLOvQWJt5Hn8LRcnViS0rGmjUNbxA25cuUlYepUQsm1r2AGm/WTCz97nNig0F9OXSHoVDUR2tZtQtpztvyhWwKUFqAKps+hb1kiphS5y5stvdH3jeH4Z6QzldxrbeHo8VIBGWwc2ueXmZGVp6AlFrZXcTwmYqu+UaEyvrHJWABI2DWjuNVyzogOgubjS+0I4UVVbXdbjrKpOthaoDUY3Pifc8zOkmrxFMx8B3P3nTW/Qty9Exa1GxApsAT72/wBYLF1aGUM1Jj/m1H1lWMVlQsRck/CRazkhftKKx4356Lepi8NnANNyeRzafePovhyxIotfX2t/rKcVB3ouL6CKldw5FiBrblDsdp+C94bWoWfLRZRfxAtz+cNi3oKB/ZEgnbNz+cqOHo6qzn2vOTiC6ABfFfS+0jKUkyMpOyVieKJlVMlr7X5SBxp6eS2U59CGzab9IY4UkqHQ5l5+yJF4yi62ABA67zQaT6HjJaTKJY8RiR06ygQRrjkNztOUSRgKZaqgAJ1BsN9NZm6VmekbDF8MRsM1FEYNlBBvoXSxB+JH1nn9MT1SlQzJcswtzEwnafApTxByNmRwGB2szE5lPxF/8wnPhm5N2LGV6KxRHiNpxwnSMFOmss+DLTL2qM6i1xk5m4sD5SttcSTw3V1Atcdem8Ev4sWXRpThMMXNmqEjU6abekn4Z8OScrGwB0IAErq3dpbxjM2lgdb2lbTosCyqQbBjORvlpkrvRaHF58zI9kU2IIsPheNxFNRYu+QHmFzShw+HqZGL8zcf9SRhsYUUBwXUmxv7I9IKrrYWt7J9fhtB8rd6bgbhSbiSH4fQDA95rp7JuYZq9JAWpkZQoNuvkJTNxK7suQAsVsb7RlJy6QXdF3+Ap++v+kzpnKuNq5j4+Z5ec6bfpGtFdW/ul9Z3sr6Tp0oO+i94fQW97C9t4XHoMh0GgnTpzv8An+yK7/ZGxSBaWgt4RI/FMQwpIQSDprOnSzHj/wBLXglZmJzEnw8/SQOK0xcm3st+s6dJ/wCX+hTOpHLFnTtLhDLbsv8A3rn/AAH7zp0lm/gxZfxNRQqnuzr7UzPajZPU/aLOkMff7B5RQLHGLOnYOGSEwejj1EWdM+gMc2tf4/pLTCVmzkX9lok6c7Jy7LjhqDuRpylXW/u29TOnTlh2zZel/RGxq/2CftD9JLTDoXc5Rplt5RZ0uhCBV/MfU/edOnRBD//Z'),
       (9, 'https://encrypted-tbn0.gstatic.com/images?q=tbn:ANd9GcRNEl5K743xvrHNfI3Z4Ajg5hqlAbjskapZlQ&usqp=CAU'),
       (10, 'https://encrypted-tbn0.gstatic.com/images?q=tbn:ANd9GcTVndq_ev4N7QEEz0kiltAxngrwGnfvZpcqdg&usqp=CAU'),
       (11, 'https://encrypted-tbn0.gstatic.com/images?q=tbn:ANd9GcSMnm3zw2B4c3VMCp7XgrCeiNZX26zZ6X7H9Q&usqp=CAU'),
       (12, 'data:image/jpeg;base64,/9j/4AAQSkZJRgABAQAAAQABAAD/2wCEAAoHCBUVFRIVEhUVGBgVGBEYEhgYGhIYEhgYGBgZGRgYGBgcIS4lHB4rIRgYJjgmKy8xNTU1GiQ7QDszPy40NTQBDAwMEA8QHhISHjQhISQ0NDQ0NDE0NDQ0MTU0MTQxMTQ0NDQ0NDQ0NDQxNDQ0MTExNDQxNj80NDQ0NDQ0MTQxPv/AABEIAP8AxgMBIgACEQEDEQH/xAAcAAACAgMBAQAAAAAAAAAAAAAAAQIGAwUHBAj/xABGEAACAQIDBQQHBgIJAgcBAAABAgADEQQSIQUGMUFREyJhcTJSgZGSodEUQlNiscEHghYjVGNyosLh8NLiFyQzk6Oy8RX/xAAYAQEBAQEBAAAAAAAAAAAAAAAAAQIDBP/EACERAQEBAQACAwACAwAAAAAAAAABEQIhMQMSQSLhBFGB/9oADAMBAAIRAxEAPwCJw/8Ai98bYfoW+UsHYDpEaA6TnjbQ9h4t8pFaB6t8pvzQEiaIhWg7Br8T7ozRbTvH3f7zemiIuxEmI0bI1j3j7pIK/rH3GbrsBDsBA0yB7en8jBc+veHuM3P2cQ+zCBp7vcaj5xuX6jl1m4+zCeHaGOw1C3bVEQngD6R/lFzGDx1qzIrM7KFUEsfCU7G731ibUgEUcCQGY+/QTdb07bwz4crRqK7uy90XuApub34Shs4YeM1IlXLYm87uwSoy3Y91tF16HlLMuIqX06DmPrORMvP5Ta7M2xWpFe+2UfdOoPleLP8ASuknF1bj6j6xVcVUsbr9Z7MFhg6U34Z1VreYB/eZH2aDbwN+fGZ8nhru0b1L8JiLHQhNetvYf3m1bZ3jML7NPImPJjVPgaVQEFbHkRoRNDj9nPQbN0JAOmo6NbrLJXosDZvSHonkRMlEq6lHF+RB5zUqWNRhQlZOHgw5gyJ2Sy603I8DqJixmFfDOXp95DYe/gD46Rpt8eo3vWXDU+yxA07vzEciNvr6j/5frHJhq/FYisy2iIhWErIlZmKwywMGWGWZssWWMGHLHlmXLALGDEFkgsyBYwsYK1vZtpsOgSmQKj3sT91etuZ6eU5fi0Yku7FmbVibknzJnUtv7Ip1HZmBzsqgEcrdJRNp7ErIWIUso1vpe0xO5uOl+K/XVdZLyCm02uz9mPWLAd23NtLnoJ4MRSKllPEGx850nUtxyvNk0kY209luM9NEhhZh7RxEMBh85Is/CyhRdsx4acZutlbHqVgezosbXW97KpvqbnQmS1ZF53e2/SdEpsQjoqr3rBTlFtD18JYxrwnN6O7+IVwKiLoyDWxBuQB4W11nQ8BhQiAKCAbHLckKbd4DoLzMq2RkKyLJPRliKTWI1+KwocWPsPMTSVsMwNuDD/N5S0MkwYjCBxr7DzkFb7ZSClQcfSB5zxtsmgRZbi5uTe+luHy+c39bZ55gMPETzNs78v6xthkrTf0fp+sflCbg4L8p95hH2p9Ys+WIiZCIWmzWLLFlmW0WWBitC0y5ZF7AEnQAEk8rCZGO0As8qbUpFlUPcs2UG2l7XFz48jPdaJdLzZ7QtALMmWO0DSbw7O7RAc7JbTT0SeIJ8tdOc0pQohV2DMbjSwFj5S247CCohUkg2OUgkWJFrmx1lKxNNkdxUXKUIH3rEDgdes8/y83d/Hs/x+ubM/Xgp4Mot1N7EnKQCLnx42kt2dhpUqVWri5YEDwzg94X8rRNjgGsxCjx0v5X/wCaz1YPebD0HU6voQwSx08STLxet9HzTj6+L6bnAbl4dCWZnc8PSKjLa1rLxHnLJh8OiKEpqqqvBVAAHsmSm6sqshBVgCpFiCD4ydp3x4tYa1LNbwKn3EH9pltJAQtCo2haTtFaBArFlmS0MsDEVkDTHSZrQtCawdkITPaEGp2iIkyIWmhjtC0naFoGO08+PZlRiihrasp5r94Dxteeu0RElWXLqlvhAGLKe4wBQk2sOK6civD3zd7L2wtcoKZBAD9oRwLrYEA+28o2/T1qddqV8lJwHphQRmBJzBj1BvoOomb+HWOAq9gfvGo6dL5ACPkJz55s8u3fy89eMdKtC0kIWm3BG08G0qmHplKtcopGiFuNwL6LzsOdtJsZyzeDEnF4ioSxWkq95xxSgCAAn56jAW6grpxlyfqy2emnx+J7akrlSM9bEul+IQtw9+n8hmsCTcO6O4NTuJoqhBmCINFVRcaAe83POa7EOoJCm4ubG1iRyNuUsmJbqybpb0HDEU6rE0SeGpZCea+HUTpuDxdOqgek6Op+8pBF+h6HwnBQ83e7W3nwtUOuqNpUTgGHX/EORixJXZwI7Tw7L2pSxCZ6Tg+sugdT0ZeU98ypWhaStCaELRETJaK0yIWhaTtC0DHaEyWhAcCI4TQjaFpK0IECIWk7RWgaTefYa4uiyaB1u1FvVa3A+B4GcepO9CqCLpUpP7QymxB8OPnO9kTn/wDETd+4+1Ul1AArqOY5P5jgfC0FW7YW0lxNCnVXTMO+vquNGX3ibCcV3c2++EqZl7yNbtEv3WHUdGA4GdYpbdw7UPtAqL2YAJJIDA20QrxDeEmGvNvbjxSw1TWzOMidTf0reQvOd7ScJmprYHNmqW5sFCot+ipYebNPPt7b7YmsznRV0pr6qA/qdCf9ph23UtVqj8728ibj5ES4a8Nd7zztBmvEJWULzIrGQZb8OPhOqJ/DzDNSp3NRKmRM7K1wXyi91a449LSVXO8BtGpRcPTcow5j9D1HhOr7sbzJilCtZKoGq8mt95PpOb7w7s18IxL9+mT3KgBy+T+qfPToTNVh8UyMrI2VlIKkHUEcDB6fQAgBK1udvKMUmSpYVUAzdHXQZx49R9ZZhClCO0LQFaEdoQI2hJWhALQjigEDCEBWhaOEKVpB0BBBAIIIIPAg8QZO0LQjju+m7Zwr56YPYue5+RjrkP7eUq+cqLXOpGnI2BsT759A47BpWR6dRQyOCGH7joed5yTau5OJSt2dJGqIT/VuMoXKfXJPdI5/KJUsVh3t5/WbPa5fOO0RkcJTFQN6RIQAMRyuoUzo+6249PDFatcipVGq6f1aH8oPpN+Y+wSn7+PfHYjw7If/ABpAqkmpjMdpUbjdLCiri8Mh4ZwzeSAv/pnbpyL+HIvjafglQjzy2nXpmtRixFBHR0qKGRwVdTwIPEGcIx9BFrVlpegr1FpnnlDELc8+HGdd3y2z9mwzFT36l0peZBzN5AX9tpyPAYR6r06SC7Oyqo8TzPgOPsliVdP4Z7KJepiWvlQMieLtYt7hb4p0m08mytnpQpU6VPgigX5sfvMfEkk+2ewQpSUVoxAIrRwgK0cIQCEIQFaOEIEYR2jgQhHMNfEogvUdE/xMq/rAyWhaa5tv4YB27dCEtny3bLfQEhRwvz4TzDezBf2hPaKg/wBMmDdTnH8RtkIjriQXvWYioNCMyouW3C2imXjDbaw1QhUr0mJNgAy5ieljrK5/E03w1MixtVF9Rp3GjDXLXU3kStpnKHKGt3SSoPIkWJHsuPfMZE2ytH8PLDGU781qAeeXh7gZ1t3CgsxACglieAA1JPs/ScU3XqtTxOGcAkdoBoNTcWYD2NLHv7vMXzYajcIptWbhn6IOeXUE9eEzfbU9arm9G2mxddnuQi3WivRAfS82tf3DlLd/DXYeUNiqg1bMlEH1dMz+03UeAPWUzdzZbYrEJSA7tw1VhfuoOJPS/AeJncKFJUVUQWVAqqBwAAsAISJgRwjhSjhHAUI7QgKEcIEYQhAIQhAJB3ABJNgASTyAGpJk55sfhu0p1ad7Z0qJfpnUrf5wOZbb3sq13qdm7U6CkqmXRn6HSxJI1tewErr44XuEBPrOS7eeXRfeDMePwz0wEcWam9RHH5wRr7Vy28jF2aIlN2RnzgnRgiAjiulyWGl+HEecsRN9qVeAdlHRLIPclryH/wDRq+u/tJmE44DQUaQ8xVY+9nguKQ+lST+U1VP/ANiPlKj0DadW1i9/NaZ/UT3U9r59KzZX+7WCIT4Cotu8OjDUeM1XaUjxRx5VFP6rHej/AH3up/rf9oHo2itQFe0JYG/ZsGzU2HMo3Dz59Z56NEve1gFtnY6Kg6sf24nlM9DaK01ZaaMwb0hUYNTPiUAAv43vFX2krhQ9FLL6IR6yJ8Aa0K9GydqslW1BM7FTTw99CGY3eoRY6n5AeEuj7OpmkqOiNYC7hQrF/vPca8ffeUvd7aCJVbMiJmFla9QsNfRzMTlB5t0Et+ytsU3xOGQd/O5VuIQBVOUgdCQvsnDuW9eHp+K8znbf+LLudsrsMPYrZ3Z2YkWYrmIS/wDKAfaZv4Qm3CgRiKOaQRwEIBCEIBCOECEJG8LwJQkbwvAlIwvC8Cr717sLiM1SmO+VCuB98L6LAeuvLqLqes5eymk70awOUkXtxU/dqJ18uYuDqNO7yv7z7sU8Wt9EqC+R/Hx6j/nHWJSxx3E0SpytY3AKkaqyngynodf+CPZuzjWqLTV1Rn0p575GbkhYeiTyNuM2GPwFTDMaOLQ5LnIy8vzU2Plqp4/OeCrSKFWDAgm9N1uAbdPVYdOIlZZtpbCxOHv21F1HrgZqZ8Q63HvtNfedj3R3mTFIEqECsi/1imwDj10HPxHK892O3ZwdW5fDpc8SoyN70tJtXHDrwmw3nwiUMTiKVMWRHAUEkkAqp4njxmoFQ+HzlHqprrLXuHhzUxtMj0aId2P8pUfNhKcjMf8Aadg/hvs9Ewq1Mvfqs5duZVGKoB0HGQi4QEjeSEKcIrx3gOEUIDhC8IDhFeEDnY39qfgJ8b/SL+nz/gJ8bfSVH7JU9R/hb6QOFqeo/wALSeDyt43+f8Bfjb6SQ3+b+zr/AO4f+mU77M/qP8LQOGf1H+FvpHgXIb/n+zj4z/0yQ3+P4A+M/SUv7O/qP8LfSMYd/Uf4W+keBdv6e/3H+f8A7YDf3+4/z/8AbKUKD+o/wt9Iuxf1G+Fo8C24/e2lXQpWwwdTyLi48QcukplSkEztTBemdXpvq4HrXHT1hqOcz9g/qP8AC30jWm41yOP5W+kajBgMI5em+EdtT3XGj02HEPbh58CPdOmV946lNFLUc9gA7K1tepW2glJ2TWSm/eQIznRiCoaw4a8PIS20sRTy56jqiAd9msFt4delpy676+2SPRx8fN423+nN958WK+Jq1VUr2mQ5bg2IRUOo/wAN/bNMom+2jhlrValSiuRHduyU6EKBYEjkTa9vGYts7u4jCrTeuqqKgugDAuOHprxXjO8eetfS4zomwt7koYelSNJmKKQWDKAbknhbxnOaZm6w9N2RSFYjqASNDFIvf9Pk/Ab41+kBv+n4D/Gv0lGNB/Uf4W+kRov6j/C30kXyvg3/AE/Af41khv8Ap+A/xJKEtJ/Uf4W+kRpP6je5vpAv39P6f4D/ABJGN/6f4NT4klANJ/Ub4W+kOzb1W+EwOgHf+l+DU96fWL/xApfg1PfT+s5/2b+q3uMkKTeq3wmBfzv/AEvwanxJ9YTn+RvVb3NCBezhl5g/ORXCr4+0TZFIBBOLprX/AGccY1wonvCCMIOkI8BwnOP7L/zlPcVEAg5c+MDwfZj10gmFM9+SNUEK8QowfDKeIBHiLz2lIBYFP3t2YBSzp3FQrdANGLMoB8La8JTmUtbM7kDhfMQPK/CXPfnHoqpRBuxbO4vwAFlzeJN/dDc3YSEDF4tP6sH/AMvTOrVnF9cp4oON+BtfgJ0niOd9tnufsFaKLjMYCAi3w9Mglv8AGy82OmVfb0lF3m222LrNVfMLkgIbWRV0VR7OPiTOqYxzVJNTmGGUeioOhA8bc5yLaysjvTqKpdGIL6h2AHdzHgdLa8fGObtLMeVJ0jdzDj7NS045zz5sZzamZ1DdglsNSI5Bx7mIl79HPt7BQX/8vH2Q6Censz1h2Z6zk6a8/wBnHQe6MUB0EzGiepgKH/LwrD2K9BEaC+H7zM2HHjH9mHjCPP2ScyvyjCJ+X5TN9mEX2VekKxWTqITIMKOkJB6bQAkyIZZWUbR2kgsMsCOWK0nlhlgQIkcsy2gVMDHlnl2kKnZv2AUvbuZtFv1JnsKwtAqeyN1UVu1xZOIqE3ym60L9XJ7z+QAEs/ZsTmc5mta9gFVfVRRoq8NPDW8yWjtLerSSMRHlKDv7s0rUSuo7tQBX8HUAD3rb4Z0Jk6TxbUwoqUqisubTMo/MveW3tEc3KWa4+mhnRtxsReg6X1RybdAwuPmDOdkkkk8SST4k6mWfcjFZMRk5VFK+0d4foZ06mxjnxXQ7xBpkCmLLOTZeyKx6SfsihUbHpJBTCOAZY7RxEQhWijhAYEYgYjAcV4oxAM0C8CIwICvFJFYZRCo5YASRAivALQCCF4XgLLbnGOIhmhmgcYxq5XqDo7j3MRPdu3c4nD2450/3+V5j3ho5MTXX87keTEt+82e4lHNiQSPQSow89F/1Gdt/i5frpQPWO8LR2nF0IxWk7QtAjDTxkssAIVEwzRkecWnjALRwhAhlkorwBgO4iuIxAwEB4wMLCO0CJhePLHlgREDJxEeUCN4EyWWLLAjpGDHaBWBzHflMuKcj76U2+Vv2nu/h6P66oelP9WWbLerYBr1c6vlORQQRcaFuYno3O2I9A1WdkbMEAtfSxJPH2e6a+/OZvlPp1P5Z4WgPJ3ExESazKpXECYFZG0BkyN5IrpFaAXizCStE4gFxCRIhAxmmYZTM4kTAgFMdj0jK+MeWTRjPtklMGiAlDLSMYkoERJCAkhIFC0kDHm8BKIZYMwAuTYDUnkBJl5ptvVXelUTDZXexDjTswlu+GbgNOXHSTBnDpVuyMrggBSpBB8iOOs0+P2x9mxFGk5Co92rH0mVbHLe3DW3sEqeD3txNGktKnkAUWVsnfAOvG/jzhsTC1sXVKrd6jnNUdtQi82Y8h4S8/FN+1W/Nfr9Y6jTqBgGUghgCpGoIPMGZI6eEoYejToUCHZTeo9725toNBc8BED5RZlZnkGCxsBIEwodvGRvC8RaBLNIM5jJkb+EileEWYwjR6yIrRXheVNHsheQJheDTLiQLSRMDAV4gYWgZFMSUgJONEfZGJG0BpxjQ3AIsdRzHXzmp3lxYoYaoUAW4yIBYAZ+7cAdLme/EkgHKdbHKTwB5EyhVd3cTXbNXxdHTiScSSPJRTt7AZeZtZ6uNPsTZT4mqtKiLk6s2uVF5s3T951TBbNp4akaFAkE/+rU0zseevXw5TQ7Fx+GwitQwpd3a32muVykkcEQHUKLzeUawI0Fpvrr8Z5j00qSqMq6D9fMzKJ5Q0yK0w2ykeMMshmhmgSNuki1ukWaAgLNDPBjIFoAXhIRyaY//2Q=='),
       (13, 'https://encrypted-tbn0.gstatic.com/images?q=tbn:ANd9GcQgRc74XiKlLlSG44YaIjV8AHpKavZvpys04A&usqp=CAU'),
       (14, 'https://encrypted-tbn0.gstatic.com/images?q=tbn:ANd9GcTMNxBclk36jdAmYCeF6qAPB-O-b2uWSEHLsw&usqp=CAU'),
       (15, 'data:image/jpeg;base64,/9j/4AAQSkZJRgABAQAAAQABAAD/2wCEAAoHCBUWFRgVFhUYGBgaGBgaGBgYGBIYGBgSGBgZGRgYGBgcIS4lHB4rHxgYJjgmKy8xNTU1GiQ7QDs0Py40NTEBDAwMEA8QGhESGDEhGiE0NDQ0NDQ0NDQxNDQ0NDQ0NDQ0NDE0NDQ0NDQxNDE0NDQ0MTQ0NDE0NDQ0NDQxNDE0NP/AABEIAK0BIwMBIgACEQEDEQH/xAAbAAACAgMBAAAAAAAAAAAAAAADBAIFAAEGB//EADsQAAIBAwIDBQYFAwIHAQAAAAECAAMEESExBRJBBlFhgZETInGhsfAyQlLB0XKS4RSCFTNDYqKy8SP/xAAYAQADAQEAAAAAAAAAAAAAAAAAAQIDBP/EACIRAQEBAQACAgICAwAAAAAAAAABEQIhMRJBAxNRYQRxkf/aAAwDAQACEQMRAD8AZ4JfcyD4Sv7Q0+YGVHZi+0AnWVLUOuYKrx+/tuV4Skk6LtLw7lbaVFtTj5TWuTSQajHmSRanpHhFkGJCquZKpoZoPHb4AHs8TeZM6zaJrIw0qNLMcp0cdJu3URtVlTCFpL4QpEPRIxA1yIXmJCCDMMEAiQq6xxGzDBPCB1MOg0mlSEFGORSL04lcUfCWXs8ReuI6lUVacq7kHM7Wy4MWHM+QP09SPE9Ja29lTT8CKPHGvrvJzTvUjz62tKp2puf9rfxD1OGVj/0n/tM9BJxImHxL5V5weE1j/wBJ/wC0zbcEuAhqGi4RThn5DgEb5/meipv8NfQZ/adFaHktl/7sn+4k/QfKF5g+VeGtS0guSeqXXYy2rMXDvSJ/EqBSue8A7fCUfGOwNWmpei4rAflxyPjwGcN8pF5pzqOEeCJh7mkysVZSpG4YEEfEGCVZKmhJBIZKUYp0JQKCnNqksfYQLpiToSo0siY3uwlGr0mVADDQhgTJMU5kNMThVyUcT1Dg90GTynkKnDZnadneI7DM1EWfaa15gSBOKooQxE9Nr0w6eU4LitvyOe7MJ7KlA2sMiZgSo3hKdTEoilzS1i/+mMsmGTJYGJODSNOhiTaniMqmYN01hYNQonEaDSBp6SVNYYNN0+YiDqKY7bYm3QaysSq0tzmWlvQizv3RmmxxFIdGC4hkYRF6h75tHl6WHKoER0LY7j84S4uOVCeuwHjFLO1LH8Wu5xk79c7Z0Mjvr6a/j5+1gKi6e/qTgYJ37tIb/WOrog94sdj0QfibPgPnjvg6NgFwcnCjbT1JElwtOYtVP5tE8KY/k656gLJ5lV+Sz4+YtCZEtIkyLNLcyQOh7+nxJGn1nScWbkRE7sL5KuJQ8NQM6A7Fs+SAmWnGnBcj9OPmc/QyaaNKroNemfkD+0Olc9/39n5Subc4/TiER9vhn5f4j0sMcU4XQuk5KyDm/JUGA6HwbqPAzyjtDwKpaVSj6qdUcfhdfDuPeJ6r7TT7++s1xOzS5oGk4yRqrdVboQYupp83HkNvHkWBq2T0qjU3GqnyI6EQ4Eho20TrrHEQzK1GKhWU944o0gWpkQqGSca9pMk8TI8CsLay34RccrSmcjMdtm7poT0rht4CuJTdorfIyIrwe6IIBl/c2/OnlHTeX1b1g3LCU7hjGeOcNZHJxF7SnmKXSxaW5ziPmlpE7cYjb1MjSXCbp4xIMmTNINY7boOsPYLeykSmI5VYQDAQxKK1CJjXEi+N8xWo474rcOGqbjMfpOMSnVX6I/8Aa0dtuf8AQ3pCUU06Ta05NaNU7J/5IPqYVbKuRog83p/zKGqm7qjnC6nGvKoJYk9wGv8A9lhbW9bGVQID+ZzlvJRnTwOJa2HDfZrsOZtXf3cs2/p0HgIw5x+UnzVf5k550/2WTIqTwssP/wBKrt3hfcXyx7w9Y6qhQFAwAMAdwGwhCx/QfJkP1x3QLvj8rj/bzf8AqTBNtvutu0CzwbVQdmB89fQ4MgdwNRnv0i0Y6Hs6gZ3Y/kQAf1OeYH+1TD3al3dgMg4I/wBunX4QXAcrSZ/1OSNtVXK4x4HPrG7akQAO5WHprFaCj0iObf8AD4zXd/SJaFPP3JB6KkjTp97Q0Yqy55Yfh76kd/8AOP3kntdND96yFshVj8DHpYou0dgHUuB7yb+Kf4nMErO/u094g7Ea+c8o4rUanVemfyscf09JPUVz/C4WoshVuFnPG9aQe6JiUuvbiQaqJRmqe+Z7U98WBce2EyU/tDMhhnPZxy3UiNU7bIkXp4M0wjdrU5SJ33AXDr5TzdmxOo7M8SA0zAzvajhoIJAnBE+zYgz1q5QOs807VWfKSRJ9UWKx+JYhbbiGdzKLlMnSpnMfyTjo24gBIf8AGMdZW1aB5YgKZkzoTyvH4v4wLcYlWKBkv9MZXyp4saV+zsFGmep2AGpJ+Am6vEiuiaf9x/GfPp8BE7ccquep5V8jkn/1WBEVtGDNcud3Y+Zm0unGzH1MBMiM+nGKq7O3qY3Q7RV8gc3riUk3SPvCGjI6Ve01Udc+sZTtNU/QD6ylp2+k3cIwGFk/Kr/Xz/C9Pathug9f8Ta9sV6p8/8AE5ZLJ3Oucd5jycNQaZz8Y/ln2n9Uv0vj2spNoyE/HlP1mJxy26B0/p0+QbHylC3CxuJE8OI0xF8x+l29n2vooioSSq94YE53JK6b5O0urbttZk4IYZ0zjI1GNdB9ieaUuGtGBwgkYxF+z+j/AFf29ct723q/8uqjE9OYZwPDeGeiw1+9J4Je8NZDtjXQjpHOHdpr2jgJcPgflc86+jZ+Uqdai8vZqi4GsCBr6/Schwft+zstOvQJZiAGp6+8T1Q6jyJnVXV/Rp6sxLfoTUj4nYQvUns+fx9deoHxAa58J5128sMMlYfm9xv6hqPlmdu3FkqEDlKdASQR4ZlD2zUG3x1DriE6nXouvx9cWa845ZhSOrRmNQhoI8s1iOmjImhDQVmRn2MyMOx4dSDLB31ngyHB7gA4M6CtTVlzvpNPYcXWXBxGOH1SjZhuIW+DpFl0EQeg8JvudcZlf2g4bzqTiVHZ+95XwTO5dQ6fERWbDeM3NpyORJ0qQnS8f4WQSQJQhSDgiSLE6p0xAJTEm5mlWLMEiaoIVqQxBqIUtpKgpGpT3Hf9RE3pkbiWDbyWYqSrmpYPTzsvymlth1X6wwyEiZZf6Zf0zf8ApV/T84AaxcgYcY7jprLVEU7yptrdncA5wv16S1q0CJl1G3Ppq5YAHE5ypUcnOSck6DoB4S6qUidxmTtKarsg9ISyCy0pau64wHPf3ejfsZfWp5xqIaihbpLiysPCK+VTmlbazj9Oy8JYUrYCHGBEuRx/HeH9wnNrw/mcDGDnb5z0m75WBzKq1tkFQEAf51lS+GXXPkLhvCETDY98AHPcRtiOcF4Q76sQyknXIOdTOgHDlNNmH4gCR8QNpzHCuHVUY1KRbDEnGdNTnBHf4yMutefR+twvlcrjrpOf7YOAvJ4qflO19ozhCwwc4PkO+ea9pboVLl+U5VTyj/bofnmXyX5s+KlBkjJ8kzkluXACZjGFanBlIAPM1Ccs1KC1dORsy9s7zmGJV8V5cZEBwyvg4zNMwtW3E7XIzKKqhWdgih1lPxOyGuIrAo7aqVcGei8CveZQCZ5w1PBl7wS+5SBmKG6vjaKVzPPL9xz4nacSueZD8JwV7o+ZNmUb4HCZhkoQNtVloiZGYwRZMQZjNZYAwAJpwqUpNYVRGBbakBNVUEWrswGhiqXDZ1Me+Cw61ETPZCQV8xvhdIPUVTtufgNZNOTbh7hlrgc2N/pG3oS3NBNMEj0i1a3XGQQfOYdV1znJhAWmk3QsBnQQ9sfeKyxt0wYjnLdnw+WqqFkEfAkKlSP6FqdR4i9fGfjI3Nz0B/yIqamTqfDziwr0jcuxOmwMXs3KuCddYaoNPvUfeImGPNnp9/eZU9Mr7dfzs1NkUgM22dNO7whLCgtFcFst+lTn5znbnjXsinu8yn8WNx4iArcd5j7iFfEyftrLMP8Aaji/sULkBcKRTTOSXbTJnmNo5IJO5OT4k6yw7WXLOU5iTvKyw/D5zTmeGH5OvlTiyREigkiI0BvAYhWgxAMxMm+aZKIzXr80XpuQZtVgjpL0sdPwq/0jt23MMzlrGpgzqrQhlxCBzdYDmkKTYMs7+0wTKjlwYB0CV8pgyg4kmsft20i9wmWxJ6OKmg5Vp01k/MJS3tkQOYRrg9xrgxQzl4mJX5nQXVMMukpXTBjgoQMn7TEiBMZIySY5EVdBmFd8bQSZO8CGprDU2KkEaEbTKCQ5WIxL6+LJhy2CQPcJB/8AkrLXCMeUHffmIGP3ljUpBwqk4BbU92hh04fSXUvnGpOgz6mZ2SNuPl0sbC9RBka953Pr5x+nxRC23078Tn+SmMkc5z3I5HhtA+8uqo5UkAko6+mZNkaW9R3QqqVyp6d3XuitapodfXWV3C67EHfH7yF5VPNjUePQxYVoleoc7/fSEQ6DpjpKwPjTfP3/ABDUrnGh28vvEadNVH6HXvHURV38dOm3p9iQrXaLnviArA95Hw2MeJtXFsgc5I+GYW6tAo0EDwkajuEsOINmSuTw4PtSnvIOusy1twqAeGvxjfHaPNUTwyYBiZpz6Y9e0lQQvsxB0kMY5IUidanFmSWNSnFWSAKezmQ/LMgAqBzBVkOY1bUAIe4oiakr1fGJfcHvNcSiZcGGtn5WBhCdncqCs5W8TDS+sa/MMRTiFpkwoV9s83XOGB8YNE5TibuNsxfQXLW3OmgzpOY5GpvrprOw4FXUqFz0iXaPh2QWUaiSqoW9zzLiLV0OYHhT64MualIMICqUpIO0frUNJXOusdS2EzCJTglMJSeVCplFEyoZDnmsxVQyJzDB6y6o1KFMgqi8wGOb8R08T8JTUWjXD0Vq3KNhj17vrM62/H1Z6dLaV2fZQB34jFSjp7xz4H9pNaioMA7j5/YiFzd5G+mfTp6zO7WtpC4coWK4xjYZ3G8r690eXOdBuevpJXl1hip6/LO2sqq9xpg/0nxHw845GXVOCsOp++/6RZq52XGOgPSLU6uBg5x0IOx/iBNQeH0OZSdFq1Sd9+uomqVY8wAHnvFXrg6AAnv6x7htrk5hbhSa6vgye7zY3jF0BrJ2SYUd0hd7GZt/pzXElywPccRUKJaXNLKNpKcGac3w5+p5N01ENkRVGhDHSbciJ1BCu0A5gA8TJHmmQDftAJN6uRK/2hMnria2pSqzObSEpU8iRemRALLhVyBvOhXDCcYmRrOh4VdZxmEoC4nbYPNiV1QaS94u4KyiY6RUFbe8ZGGD1nbWtRaiZOuROArbyz4TxYoeU7GSqUTiFL2bkjYmHtb/ADpM4q/OpMprN8NCexXTVNVzKW5ODLmgeZcRG5tdY6SuNSaSrDPQxAsmIEYSrmGU5iKAxynDTMLoCe4fOa4fX5GBB+Mkp0lVcVSpA2xn7PpJsVzcdTc8T232Ovcekq6/EiB8frrKepfEjc9P3EWe6+fTuPXEmRV6P17skjOvSL1K+eu2mdYrzsR+Enxxt9/vMS3d/CMvYpueXrr9YMEvsMxujYD82sdp2/lJvSpz/JaxtDkZnWcMs9j9mI2NtscTpLVdJNur55HVflF7kaGOnGIpdbRLpEUciUV1bcrkY8fKdha2+cd31inHeGkjnUajfxEOesuI752bHNJShGQTambczbHPpGriK1HEbe3ZzhR/EOnB/wBT+QEMK9SKSZL/AP4QneZkWUvlHJB4ZKkWMxWlhbW9QYmqrxOi8jVJzHpmucYm7e6KGLUgZB94aFwtyX3MjUGkDZJGa+0VCmuG1gFOsNWGsCYgukqZXWV5OGmqNUgYkahigX1leDEYauDOboORH6dWXKZ6qYqVzJc+ZFTANinCoZsHMg0AI7xZ8HebZoMtIpo+yXuEYtaC/pHpF+ePWLaRaDL0QBtE6NLGfCO3D4EWp1NYupsVzfIi0s4j1GhI0VjlJNZDU1aURLJFxFrdcR1RE0kTCgiK1U5jiHziDr3CJqx8hvF7Lqye/Rume6KcT4sqjlQc7f8AivxP7SquuKM+i+6PUnziip/mXz+P7rn7/wAj65/6xU5yWYAZ1J2kiijQAY8RqZjNnygy/fNpHLtT58DSYXgqz4Hxm7dckRnJqxp0NBMjdNdBMmet/jHk/NMBkQJICWjBkeE5xFzJ0hriIHKZBEA6HMdtaQhK9ISlB21SM1DpFKY1jR2k0KqvvAMI3cLrF2ECQUyReRImoBJWjCNFwISnGFjReTYxemZNd44DSHSY5mlMG7R0RIrAuJMNBuZnVIExq0fGkUzGKIkg5WqZEAgyZFhDWwjgWlrtH6RlZROuJYUzM7G/N2LSkYdnAGSQB4/vK1q5AJ3xKG4vnqbnA/SNoc86O/yfH/a7v+M/lT+4/sJVq7Pqc9cnvgbVQQSemdM+cm1TJ2xpn4ZA+/KazmT05Ou71do6HO3mfH76Q5Ix6QVIYA8Ztj0lRCLMYJpJzFGc6mMSJiplvARq0qe9K6jtnvMYtG96Kr5nl0gabi6HSZIb6//Z');
INSERT INTO buyers_baskets(buyer_id, sub_products_size_id)
VALUES (1, 1),
       (1, 2),
       (1, 3),
       (1, 4),
       (1, 5),
       (1, 6),
       (1, 7),
       (1, 8),
       (1, 9),
       (1, 10),
       (1, 11),
       (1, 12),
       (1, 13),
       (1, 14),
       (1, 15),
       (1, 16),
       (1, 17),
       (1, 18),
       (1, 19),
       (1, 20),
       (1, 21),
       (1, 22),
       (1, 23),
       (1, 24),
       (1, 25),
       (1, 26),
       (1, 27),
       (1, 28),
       (1, 29),
       (1, 30),
       (1, 31),
       (1, 32),
       (1, 33),
       (1, 34),
       (1, 35),
       (1, 36),
       (1, 37),
       (1, 38),
       (1, 39),
       (1, 40),
       (1, 41),
       (1, 42),
       (1, 43),
       (1, 44),
       (1, 45),
       (1, 46),
       (1, 47),
       (1, 48),
       (1, 49),
       (1, 50),
       (1, 51),
       (1, 52),
       (1, 53),
       (1, 54),
       (1, 55),
       (1, 56),
       (1, 57),
       (1, 58),
       (1, 59),
       (1, 60),
       (1, 61),
       (1, 62),
       (1, 63),
       (1, 64),
       (1, 65),
       (1, 66),
       (1, 67),
       (2, 68),
       (2, 69),
       (2, 70);

INSERT INTO buyers_favorites(buyer_id, sub_products_id)
VALUES (1, 1),
       (1, 2),
       (1, 3),
       (1, 4),
       (1, 5),
       (1, 6),
       (1, 7),
       (1, 8),
       (1, 9),
       (1, 10),
       (1, 11),
       (1, 12),
       (1, 13),
       (1, 14),
       (1, 15),
       (1, 16),
       (1, 17),
       (1, 18),
       (1, 19),
       (1, 20),
       (1, 21),
       (1, 22),
       (1, 23),
       (1, 24),
       (1, 25),
       (1, 26),
       (1, 27),
       (1, 28),
       (1, 29),
       (1, 30),
       (2, 1),
       (2, 2),
       (2, 3),
       (2, 4),
       (2, 5);

INSERT INTO buyers_last_views(buyer_id, sub_products_id)
VALUES (1, 1),
       (1, 2),
       (1, 3),
       (1, 4),
       (1, 5),
       (1, 6),
       (1, 7),
       (1, 8),
       (1, 9),
       (1, 10),
       (1, 11),
       (1, 12),
       (1, 13),
       (1, 14),
       (1, 15),
       (1, 16),
       (1, 17),
       (1, 18),
       (1, 19),
       (1, 20),
       (1, 21),
       (1, 22),
       (1, 23),
       (1, 24),
       (1, 25),
       (1, 26),
       (1, 27),
       (1, 28),
       (1, 29),
       (1, 30),
       (2, 1),
       (2, 2),
       (2, 3),
       (2, 4),
       (2, 5);

INSERT INTO warehouses(id, name, location, transit_cost)
VALUES (1, 'БайGo', 'Бишкек', 1200.00),
       (2, 'Асман', 'Талас', 2300.00),
       (3, 'Аю Гранд', 'Чуй', 1200.00),
       (4, 'Амазон', 'Ош', 1200.00),
       (5, 'Караван', 'Баткен', 1200.00),
       (6, 'Феникс', 'Нарын', 1200.00),
       (7, 'Искра', 'Джалал-Абад', 1200.00),
       (8, 'Мега-Склад', 'Токмок', 1200.00),
       (9, 'Глобус', 'Каракол', 1200.00),
       (10, 'Альфа', 'Ыссык-Куль', 1200.00),
       (11, 'Логистикс', 'Талдыкорган', 1200.00),
       (12, 'Экспресс-Склад', 'Жезказган', 1200.00),
       (13, 'Урал-Транс', 'Актобе', 1200.00),
       (14, 'Восток-Логистика', 'Атырау', 1200.00),
       (15, 'Запад-Карго', 'Уральск', 1200.00);

INSERT INTO mailing_list_subscribers (id, email, is_sale, is_discount, is_new)
VALUES (1,
        'saltanat@gmail.com', TRUE, FALSE, TRUE),
       (2,
        'eliza@gmail.com', FALSE, FALSE, TRUE),
       (3,
        'user@gmail.com', TRUE, TRUE, TRUE),
       (4,
        'nuriza@gmail.com', FALSE, FALSE, FALSE),
       (5,
        'kanykei@gmail.com', TRUE, FALSE, FALSE);

INSERT INTO mailing_lists (id, name, image, description, date_of_start, date_of_finish)
VALUES (1,
        'Скидка', 'https://www.unisender.com/wp-content/uploads/2021/04/sms-rassylka.png',
        'Сезонные скидки на лучшие товары', '2023-06-29', '2023-07-29'),
       (2,
        'Распродажа', 'https://53news.ru/wp-content/uploads/2022/05/emailmarketing-min-1024x593-1.jpg',
        'Большая распродажа: скидки до 50%', '2023-05-12', '2023-07-12'),
       (3,
        'Новые товары', 'https://cdn.esputnik.com/photos/shares/EmailExamples/8%20march%20RU%20(8).jpg',
        'Трендовые новинки: узнайте о наших последних товарах', '2023-06-29', '2023-07-30');


INSERT INTO reviews(id, amount_of_like, answer, date_and_time, grade, text, buyer_id, sub_product_id)
VALUES (1, 50, 'В наличии есть размер М?', '2023-07-13 12:00:00', 5,
        'Красивый пиджаки доступно к продаже, доставка действует по всему Кыргызстану', 1, 1),
       (2, 120, 'В наличии есть размер М?', '2023-07-13 12:00:00', 5, 'Базовые бермуда', 1, 2),
       (3, 1000, 'Можно цену?', '2023-07-13 12:00:00', 4, 'Образ в наличии', 1, 2),
       (4, 75, 'Есть ли размер L в наличии?', '2023-07-13 12:00:00', 2, 'Стильные наряды', 1, 3),
       (5, 250, 'Есть ли скидки на данный товар?', '2023-08-15 20:09:23', 3, 'Вечернее платье для особых случаев', 1,
        3),
       (6, 1231, 'Есть ли красный цвет на данный товар?', '2023-08-15 20:09:23', 5, 'Сейчас самые модные', 2, 3),
       (7, 2353, 'Есть ли доставка на данный товар?', '2023-08-15 20:09:23', 5, 'Вечернее платье для особых случаев', 1,
        4),
       (8, 3453, 'Есть такие детские размеры? Цена??', '2023-08-15 20:09:23', 4,
        'Стильный женский шапки с принтом и множеством отделений', 2, 5),
       (9, 345, 'Здравствуйте, скажите пожалуйста, в каком филиале у вас есть белые ?', '2023-05-15 20:09:23', 3,
        'Стильный мужской худи с принтом и множеством отделений', 1, 5),
       (10, 234, 'Здравствуйте! Почему они подоражали? Воот не давно они чуть дешевле было🤔?', '2023-08-15 20:09:23', 4,
        'Эксклюзивный вечерний наряд с вышивкой и открытой спиной', 2, 6),
       (11, 550, 'Чем отличие от простой шлепки ? Я так и не понял', '2023-04-15 20:09:23', 4,
        'Стильное пальто с поясом и воротником-стойкой', 1, 6),
       (12, 8654, 'Американские?', '2023-08-15 20:09:23', 3,
        'Модные женские кроссовки с контрастными вставками и подошвой-платформой', 2, 6),
       (13, 456, 'Бежевые есть?', '2023-06-15 20:09:23', 5, 'Легкие и комфортные женские брюки для бега', 1, 7),
       (14, 4567, 'Есть великанывые размеры?', '2023-08-15 20:09:23', 3, 'Теплый детский свитер с ярким принтом', 2, 8),
       (15, 874, 'Если купить сразу 5 штук, Есть ли скидки по больше?', '2023-05-15 20:09:23', 3,
        'Классические мужские фудболки со шнуровкой', 1, 8),
       (16, 293, 'Синтетика или хлопок?', '2023-07-15 20:09:23', 3, 'Мягкий и удобный детский боди с принтом', 2, 9),
       (17, 9745, 'Я хочу знать качество футболки.?', '2023-02-15 20:09:23', 5,
        'Стильная футболка с круглым вырезом и короткими рукавами', 2, 9),
       (18, 354, 'Там должно быть хорошо?', '2023-03-15 20:09:23', 5,
        'Симпатичный детский комбинезон с изображением персонажей Disney', 1, 9),
       (19, 43, 'Девочки, кто заказал синие и голубые… Размер у них одинаковый???', '2023-04-15 20:09:23', 5,
        'Приталенное платье с V-образным вырезом и длинными рукавами', 2, 10),
       (20, 634, 'Стоит ли заказывать? Как насчет качества??', '2023-08-15 20:09:23', 3,
        'Стильные шорты с высокой посадкой и широким поясом', 2, 11),
       (21, 3456, 'Есть ли скидки на данный товар?', '2023-08-15 20:09:23', 5,
        'Стильные мужские кроссовки для повседневной носки', 1, 11),
       (22, 345, 'Здравствуйте, скажите пожалуйста, в каком филиале у вас есть белые?', '2023-08-15 20:09:23', 3,
        'Удобный свитшот с капюшоном и карманом-кенгуру', 2, 12),
       (23, 354, 'Есть ли скидки по больше??', '2023-08-15 20:09:23', 3, 'Классические мужские кеды со шнуровкой', 2,
        12),
       (24, 4563, 'Качественно?', '2023-08-15 20:09:23', 4, 'Мягкий и удобный детский боди с принтом', 1, 12),
       (25, 6346, 'Удобно?', '2023-08-15 20:09:23', 3, 'Легкие и комфортные женские кроссовки для бега', 2, 13),
       (26, 634, 'Хлопок?', '2023-08-15 20:09:23', 4, 'Стильное пальто с поясом и воротником-стойкой', 2, 14),
       (27, 2560, 'Есть ли скидки на данный товар?', '2023-08-15 20:09:23', 3,
        'Эксклюзивный вечерний наряд с вышивкой и открытой спиной', 1, 14),
       (28, 2250, ' Почему они подоражали??', '2023-08-15 20:09:23', 1,
        'Стильная футболка с круглым вырезом и короткими рукавами', 2, 15),
       (29, 645, 'Есть такие взрослые размеры??', '2023-08-15 20:09:23', 1, 'Классические мужские кеды со шнуровкой', 2,
        15),
       (30, 775, 'Чем отличие от простой фудболки ? Я так и не понял?', '2023-08-15 20:09:23', 4,
        'Удобный свитшот с капюшоном и карманом-кенгуру', 1, 15),
       (31, 444, 'Как мне заказать костюм согласно моим параметрам??', '2023-08-15 20:09:23', 4,
        'Симпатичный детский комбинезон с изображением персонажей Disney', 1, 16),
       (32, 664, 'Почему они подешевели??', '2023-08-15 20:09:23', 4, 'Вечернее платье для особых случаев', 2, 17),
       (33, 50, 'В наличии есть размер М?', '2023-07-13 12:00:00', 5,
        'Красивый кошелек доступно к продаже, доставка действует по всему Кыргызстану', 1, 1),
       (34, 120, 'В наличии есть размер М?', '2023-07-13 12:00:00', 5, 'Базовые бермуда', 1, 2),
       (35, 1000, 'Можно цену?', '2023-07-13 12:00:00', 4, 'Образ в наличии', 1, 2),
       (36, 75, 'Есть ли размер L в наличии?', '2023-07-13 12:00:00', 2, 'Стильные наряды', 1, 3),
       (37, 250, 'Есть ли скидки на данный товар?', '2023-08-15 20:09:23', 3, 'Вечернее платье для особых случаев', 1,
        3),
       (38, 1231, 'Есть ли красный цвет на данный товар?', '2023-08-15 20:09:23', 5, 'Сейчас самые модные', 2, 3),
       (39, 2353, 'Есть ли доставка на данный товар?', '2023-08-15 20:09:23', 5,
        'Модные женские кроссовки с контрастными вставками и подошвой-платформой', 1, 4),
       (40, 3453, 'Есть такие детские размеры? Цена??', '2023-08-15 20:09:23', 4,
        'Стильное пальто с поясом и воротником-стойкой', 2, 5),
       (41, 345, 'Здравствуйте, скажите пожалуйста, в каком филиале у вас есть белые ?', '2023-05-15 20:09:23', 3,
        'Эксклюзивный вечерний наряд с вышивкой и открытой спиной', 1, 5),
       (42, 234, 'Здравствуйте! Почему они подоражали? Воот не давно они чуть дешевле было?', '2023-08-15 20:09:23', 4,
        'Я заказал L на 1,76 см. И 73 кг очень хорошо', 2, 6),
       (43, 550, 'Чем отличие от простой шлепки ? Я так и не понял', '2023-04-15 20:09:23', 4,
        'Стильный женский кошелек с принтом и множеством отделений', 1, 6),
       (44, 8654, 'Американские?', '2023-08-15 20:09:23', 3, 'Удобный свитшот с капюшоном и карманом-кенгуру', 2, 6),
       (45, 456, 'Бежевые есть?', '2023-06-15 20:09:23', 5, 'Стильные шорты с высокой посадкой и широким поясом', 1, 7),
       (46, 4567, 'Есть великанывые размеры?', '2023-08-15 20:09:23', 3,
        'Красивый кошелек доступно к продаже, доставка действует по всему Кыргызстану', 2, 8),
       (47, 874, 'Если купить сразу 5 штук, Есть ли скидки по больше?', '2023-05-15 20:09:23', 3, 'Базовые бермуда', 1,
        8),
       (48, 293, 'Синтетика или хлопок?', '2023-07-15 20:09:23', 3, 'Образ в наличии', 2, 9),
       (49, 9745, 'Я хочу знать качество футболки.?', '2023-02-15 20:09:23', 5, 'Стильные наряды', 2, 9),
       (50, 354, 'Там должно быть хорошо?', '2023-03-15 20:09:23', 5, 'Сейчас самые модные', 1, 9),
       (51, 43, 'Девочки, кто заказал синие и голубые… Размер у них одинаковый???', '2023-04-15 20:09:23', 5,
        'Стильный женский кошелек с принтом и множеством отделений', 2, 10),
       (52, 634, 'Стоит ли заказывать? Как насчет качества??', '2023-08-15 20:09:23', 3,
        'Стильный женский кошелек с принтом и множеством отделений', 2, 11),
       (53, 3456, 'Есть ли скидки на данный товар?', '2023-08-15 20:09:23', 5,
        'Эксклюзивный вечерний наряд с вышивкой и открытой спиной', 1, 11),
       (54, 345, 'Здравствуйте, скажите пожалуйста, в каком филиале у вас есть белые?', '2023-08-15 20:09:23', 3,
        'Стильное пальто с поясом и воротником-стойкой', 2, 12),
       (55, 354, 'Есть ли скидки по больше??', '2023-08-15 20:09:23', 3,
        'Модные женские кроссовки с контрастными вставками и подошвой-платформой', 2, 12),
       (56, 4563, 'Качественно?', '2023-08-15 20:09:23', 4, 'Легкие и комфортные женские кроссовки для бега', 1, 12),
       (57, 6346, 'Удобно?', '2023-08-15 20:09:23', 3, 'Теплый детский свитер с ярким принтом', 2, 13),
       (58, 634, 'Хлопок?', '2023-08-15 20:09:23', 4, 'Классические мужские кеды со шнуровкой', 2, 14),
       (59, 2560, 'Есть ли скидки на данный товар?', '2023-08-15 20:09:23', 3,
        'Мягкий и удобный детский боди с принтом', 1, 14),
       (60, 666, 'Есть ли скидки на данный товар?', '2023-07-13 12:00:00', 4,
        'Стильная футболка с круглым вырезом и короткими рукавами', 1, 13);

INSERT INTO review_images(review_id, images)
VALUES (1, 'https://ae01.alicdn.com/kf/S58fe73d6948e44ab99daa45c4cf38f7d8.jpg'),
       (1,
        'https://encrypted-tbn0.gstatic.com/images?q=tbn:ANd9GcRYvJrR5YUMRFTxfXrIDA2hRlwjxUmVhA7XJANjQs7cv3PwrkDH2cBTksdqm_Tv-OMm-Og&usqp=CAU'),
       (2, 'https://smartcasuals.ru/wp-content/uploads/2021/09/DSC_1473.jpg'),
       (2,
        'https://alitools.io/ru/showcase/image?url=https%3A%2F%2Fae01.alicdn.com%2Fkf%2FH68ed3f2c1f37437a881ffbce47f36655A.jpg_480x480.jpg'),
       (3, 'https://ae04.alicdn.com/kf/S7cccd9a97f0b48a4b08e23777a970d8bl.jpg_640x640.jpg'),
       (3, 'https://ae04.alicdn.com/kf/S3a836c90a6a741e1a904a5004ad642c3v.jpg'),
       (4, 'https://ae04.alicdn.com/kf/S359d1f97ceb34c358d8ef391d7ad26a9x.jpg_640x640.jpg'),
       (4, 'https://ae04.alicdn.com/kf/Se05b5f8151ce4e32880cb77c9f29b734L.jpg'),
       (5, 'https://ae04.alicdn.com/kf/S23c66ad0a6614390a4e02c1e81611ecdh.jpg'),
       (5, 'https://ae04.alicdn.com/kf/S849756a3a5ee4705b04d11d194fae7c4q.jpg'),
       (6, 'https://ae04.alicdn.com/kf/S64c44492d1fd43f3b7130840f64b4bedA.png_640x640.jpg'),
       (6, 'https://ae04.alicdn.com/kf/S5b65070e00bc4d80bb3307a2a2370a81k.jpg'),
       (7, 'https://ae04.alicdn.com/kf/Sa7f43d980222470e9936f33960cf386cm.jpg'),
       (7, 'https://ae04.alicdn.com/kf/S5da77459a98246c8806430e78ff4752eK.jpg_640x640.jpg'),
       (8, 'https://ae04.alicdn.com/kf/Sa26ead771c1c44d0b8187a215833152dn.jpg'),
       (8, 'https://ae04.alicdn.com/kf/S4c5751d6a9d843fdbee4a4cf90c226a22.jpg'),
       (9, 'https://ae04.alicdn.com/kf/S14be44f3d6544dfdb2c33a240af2a659O.jpg_640x640.jpg'),
       (9, 'https://ae04.alicdn.com/kf/S0f26d84d1bc64bc78416e35ea994348eN.jpg'),
       (10, 'https://ae04.alicdn.com/kf/HTB1M6GFXOHrK1Rjy0Flq6AsaFXaj.jpg_640x640.jpg'),
       (10, 'https://ae04.alicdn.com/kf/S3e1e08947e1d4f4e8d1ff751fbfb2500g.jpg'),
       (11, 'https://ae04.alicdn.com/kf/S6bf3bd1978334cac85ec56caec4f30601.jpg'),
       (11, 'https://ae04.alicdn.com/kf/S915c9570a8604771a9a3d698245f5829G.jpg_640x640.jpg'),
       (12, 'https://ae04.alicdn.com/kf/S7a03af91e0424ea5a86ca9e3b7115519w.jpg'),
       (12, 'https://ae04.alicdn.com/kf/Sb56526c8cacf4d948c83d24b55816298G.jpg'),
       (13, 'https://ae04.alicdn.com/kf/S8874f92785d840af958ad487ccd79b8fc.jpg'),
       (13, 'https://ae04.alicdn.com/kf/Sa56995da92134368bcb4e78c35866fe4h.jpg'),
       (14, 'https://ae04.alicdn.com/kf/Sd2ac9e47ba9d4895bf043c681d23bb36g.jpg_640x640.jpg'),
       (14, 'https://ae04.alicdn.com/kf/S832a0d2664f64b6b84ed38f3b2417b51M.jpg'),
       (15, 'https://ae04.alicdn.com/kf/S52ee2925dfc348b2bdda72f1b36b48e9R.jpg'),
       (15, 'https://ae04.alicdn.com/kf/HTB1h9pxaQL0gK0jSZFxq6xWHVXaj.jpg_640x640.jpg'),
       (16, 'https://ae04.alicdn.com/kf/Ha5b4a68b01d1438c86fd04a4dccf0b47z.jpg'),
       (16, 'https://ae04.alicdn.com/kf/H4ff367612f1b4e9ea2249db5f687d255B.jpg'),
       (17, 'https://ae04.alicdn.com/kf/H70af4fbeec764ad6b58fe328949b731fU.jpg'),
       (17, 'https://ae04.alicdn.com/kf/H4f2944f41c23443a8fa0aeaa2e1f50ffy.jpg'),
       (18, 'https://ae04.alicdn.com/kf/H5ab71a8213b847e280507d2a4e042a79C.jpg'),
       (18, 'https://ae04.alicdn.com/kf/S42c050a007324bda90cbfad935389515A.jpg_640x640.jpg'),
       (19, 'https://ae04.alicdn.com/kf/S0bc3a17928eb41139b826db4f5e2c17dk.jpg'),
       (19, 'https://ae04.alicdn.com/kf/Sac190c781f624b7186643eefcfb2c220I.jpg'),
       (20, 'https://ae04.alicdn.com/kf/S346d2cf1fddd486bb204e4cc61b20e80B.jpg'),
       (20, 'https://ae04.alicdn.com/kf/Sf081903a03104e39b8acf9c2e133fcf9H.jpg'),
       (21, 'https://ae04.alicdn.com/kf/Sb39df90ebe424e0eba00ac4f6fd4494dl.jpg_640x640.jpg'),
       (21, 'https://ae04.alicdn.com/kf/S7c7b7b35009440919a3d30bba776eefcc.jpg'),
       (22, 'https://ae04.alicdn.com/kf/Sd1fe6c1386b14cc1b57d889b17b5504d8.jpg'),
       (22, 'https://ae04.alicdn.com/kf/Scd29883078194f4a884650354c0b873cL.jpg'),
       (23, 'https://ae04.alicdn.com/kf/Scd29883078194f4a884650354c0b873cL.jpg'),
       (23, 'https://ae04.alicdn.com/kf/Sb358a03d978548629279cd1d315ceea1Q.jpg'),
       (24, 'https://ae04.alicdn.com/kf/Saa08997a50814ed6b600136d882cc64fY.jpg'),
       (24, 'https://ae04.alicdn.com/kf/Sd4f01aadadb24a7cbe692d5e3f16e7498.jpg_640x640.jpg'),
       (25, 'https://ae04.alicdn.com/kf/S026fa5122ad14acea3a76a920ea76c7cX.jpg'),
       (25, 'https://ae04.alicdn.com/kf/S0ce446369e324d52854938fe0a3260bfE.jpg'),
       (26, 'https://ae04.alicdn.com/kf/Sd07341bd0a6641bcb3a46704ef9011d5i.jpg'),
       (26, 'https://ae04.alicdn.com/kf/S2f13b5223dcc48edb69d8598211cb795t.jpg'),
       (27, 'https://ae04.alicdn.com/kf/S659cbd4475794c3796fb483a10c153b7H.jpg'),
       (27, 'https://ae04.alicdn.com/kf/Sf86bf7c9cf774c35bb3c7613643632a66.jpg'),
       (28, 'https://ae04.alicdn.com/kf/HTB1kB0eLpXXXXb4XVXXq6xXFXXXs.jpg_640x640.jpg'),
       (28, 'https://ae04.alicdn.com/kf/H2be17f72e540460f836d634543398bcdS.jpg'),
       (29, 'https://ae04.alicdn.com/kf/HTB14QfeaE_rK1Rjy0Fcq6zEvVXak.jpg'),
       (29, 'https://ae04.alicdn.com/kf/Hbad9dddb565242daa2d43ed7a9fbe8d1L.jpg'),
       (30, 'https://ae04.alicdn.com/kf/H610c2c592e3140b39ff7bfd78f0f87ac4.jpg'),
       (30, 'https://ae04.alicdn.com/kf/H0bf1d988df034eacaf234171f59f2fa1B.jpg'),
       (31, 'https://ae04.alicdn.com/kf/H0d2f947789af4cd982e310f01cd04fd4H.jpg'),
       (31, 'https://ae04.alicdn.com/kf/He4e6fa26a58448df924505fc0f71a363A.jpg_640x640.jpg'),
       (32, 'https://ae04.alicdn.com/kf/H87a5187c05644ff1b6cc8fc8ba713c7cE.jpg'),
       (32, 'https://ae04.alicdn.com/kf/H56a7e72658894edaa59e0b90ba9f8d85r.jpg'),
       (33, 'https://ae04.alicdn.com/kf/H1349471c3c6344ac945abc166c9f4dfek.jpg'),
       (33, 'https://ae04.alicdn.com/kf/H68e3c10b26d94be38a131d8d4ea9be252.jpg'),
       (34, 'https://ae04.alicdn.com/kf/H5b3870294d9045788eb365f2b65a59e19.jpg'),
       (34, 'https://ae04.alicdn.com/kf/Hdfe1a6f7660b494d8b5fc8a3b516c4d26.jpg'),
       (35, 'https://ae04.alicdn.com/kf/S0aa01d484ba84b33828f80f88a675ae2m.jpg_640x640.jpg'),
       (35, 'https://ae04.alicdn.com/kf/S580c7930788e459086cbaae1cd209e6dM.jpg'),
       (36, 'https://ae04.alicdn.com/kf/S072dba593e834771af66d3cad83ef31dg.jpg'),
       (36, 'https://ae04.alicdn.com/kf/S4ffa25a9ee82426faa5a46cfa0494614F.jpg'),
       (37, 'https://ae04.alicdn.com/kf/Sb4bbc21d331b4a79bb552bb8a90e7f92W.jpg'),
       (37, 'https://ae04.alicdn.com/kf/S24dd232dbb794db7a70aefc03c362495S.jpg'),
       (38, 'https://ae04.alicdn.com/kf/S2bfbd2ff27264b908819fb8e75bde3c04.jpg'),
       (38, 'https://ae04.alicdn.com/kf/Sb34aa4621b204fdb93aeaa73c869e851R.jpg_640x640.jpg'),
       (39, 'https://ae04.alicdn.com/kf/Sb71f646e98234971ada4d9ad99b84107F.jpg'),
       (39, 'https://ae04.alicdn.com/kf/S48775849d5714ae8b2e7b5529afd7d6e5.jpg'),
       (40, 'https://ae04.alicdn.com/kf/S304a297578ea49e7aafad641c01436b7m.jpg'),
       (40, 'https://ae04.alicdn.com/kf/Sa8a1e4b06c5f4d8080bf7be780d2473a4.jpg'),
       (41, 'https://ae04.alicdn.com/kf/Sc13d0f9e8dda462bafaec47b5341a60ek.jpg'),
       (41, 'https://ae04.alicdn.com/kf/S4d2a1e8f75924c209277233737c9adefT.jpg'),
       (42, 'https://ae04.alicdn.com/kf/H2a4c484401704849bc64a497acc4b5681.jpg_640x640.jpg'),
       (42, 'https://ae04.alicdn.com/kf/H71fd43b15799471d8d16c17ef19c9b82Q.jpg'),
       (43, 'https://ae04.alicdn.com/kf/Sfae5b94862544d31babe94b1f73f309cg.jpg'),
       (43, 'https://ae04.alicdn.com/kf/Hba0a7f158dd140ec8404fd14e6a7fd0eb.jpg'),
       (44, 'https://ae04.alicdn.com/kf/Hb3fea110b3d5468ebe7b5b07b8d5f117o.jpg'),
       (44, 'https://ae04.alicdn.com/kf/H018c597adb53436fada7e75ad1f5aeb2u.jpg'),
       (45, 'https://ae04.alicdn.com/kf/Sb271a081bbd84f5da87e5f485515a7beg.jpg_640x640.jpg'),
       (45, 'https://ae04.alicdn.com/kf/S008cad563cbe442dbc997f5582f15194V.jpg'),
       (46, 'https://ae04.alicdn.com/kf/Sc9724a724f794495b2b2d8380423b4abD.jpg'),
       (46, 'https://ae04.alicdn.com/kf/S53dbcca7a92845e3b5d3d974d80ea375k.jpg'),
       (47, 'https://ae04.alicdn.com/kf/S0a2372e731f6406ba69d9db05aa0ec4e1.jpg'),
       (47, 'https://ae04.alicdn.com/kf/S0cbbadf4827842eab5faf66200c18ce8m.jpg'),
       (48, 'https://ae04.alicdn.com/kf/HTB1tLM1cBcHL1JjSZFBq6yiGXXao.jpg_640x640.jpg'),
       (48, 'https://ae04.alicdn.com/kf/HTB1fw3GcpcJL1JjSZFOq6AWlXXa8.jpg'),
       (49, 'https://ae04.alicdn.com/kf/HTB1XuoLcBoHL1JjSZFwq6z6vpXaf.jpg'),
       (49, 'https://ae04.alicdn.com/kf/HTB1gq2lbgoQMeJjy0Fpq6ATxpXa0.jpg'),
       (50, 'https://ae04.alicdn.com/kf/HTB1JEkHcxsIL1JjSZFqq6AeCpXa2.jpg'),
       (51, 'https://ae04.alicdn.com/kf/HTB1Tj6BXdHO8KJjSZFLq6yTqVXa5.jpg_640x640.jpg'),
       (51, 'https://ae04.alicdn.com/kf/HTB1wknWUMTqK1RjSZPhq6xfOFXab.jpg'),
       (52, 'https://ae04.alicdn.com/kf/HTB1cdJIXxTI8KJjSspiq6zM4FXaI.jpg'),
       (52, 'https://ae04.alicdn.com/kf/HTB1zLrEXaLN8KJjSZFmq6AQ6XXa0.jpg'),
       (53, 'https://ae04.alicdn.com/kf/HTB19EVIXsnI8KJjSspeq6AwIpXad.jpg'),
       (53, 'https://ae04.alicdn.com/kf/HTB15F4IXx6I8KJjy0Fgq6xXzVXan.jpg'),
       (54, 'https://ae04.alicdn.com/kf/HTB1dh4IXBHH8KJjy0Fbq6AqlpXa2.jpg'),
       (54, 'https://ae04.alicdn.com/kf/S93cfa2b6aa5045bdbeb26211daee511f3.jpg_640x640.jpg'),
       (55, 'https://ae04.alicdn.com/kf/S67fa71e7d8fc468a8d91706be27dab0eG.jpg'),
       (55, 'https://ae04.alicdn.com/kf/S2c265a9a15e141f2b3e1b0cfb85ae095Y.jpg'),
       (56, 'https://ae04.alicdn.com/kf/S8129127d8afe4c9b916983366903267fO.jpg'),
       (56, 'https://ae04.alicdn.com/kf/S2008c843884545bda9c3569311030eade.jpg'),
       (57, 'https://ae04.alicdn.com/kf/S8d2eed6849034018af183d02bf1f6d80o.jpg'),
       (57, 'https://ae04.alicdn.com/kf/Sff7704ed29244e5d8f186602799b06d7w.jpg_640x640.jpg'),
       (58, 'https://ae04.alicdn.com/kf/S6b90e93dd35e462699ef5fa478bc7d6bo.jpg'),
       (58, 'https://ae04.alicdn.com/kf/S92d4dd05566b43b198c3b4f43304ccb7A.jpg'),
       (59, 'https://ae04.alicdn.com/kf/Sa19cf46ec486400ba481f24ef44dd73ee.jpg'),
       (59, 'https://ae04.alicdn.com/kf/S26f09671c13c436598a8af6bcb0efcca2.jpg'),
       (60, 'https://ae04.alicdn.com/kf/Sf82b7779f9934937a645135fc51b1802Y.jpg'),
       (60, 'https://ae04.alicdn.com/kf/Se5b75f0c1baf4e5a864df4dbffe35a84b.jpg'),
       (11, 'https://ae04.alicdn.com/kf/H5a6250e95bdf4583a61e7ac4a1dfa057Z.jpg_640x640.jpg'),
       (21, 'https://ae04.alicdn.com/kf/H9ddc771b28d247fbb9dbec8d6ce5d292X.jpg'),
       (32, 'https://ae04.alicdn.com/kf/Hf3f9bf30a2014a9f9e0f243060a949ebE.jpg_640x640.jpg'),
       (42, 'https://ae04.alicdn.com/kf/Hec2b0447b8a642bd979bd1062774df6dH.jpg'),
       (53, 'https://ae04.alicdn.com/kf/H6f178c06f6d1469bb77868e48be3be661.jpg'),
       (3, 'https://ae04.alicdn.com/kf/H926857229bc84199b9f2b43bffd1b084O.jpg'),
       (14, 'https://ae04.alicdn.com/kf/Hc74506f8524a455b86fa09585473a987W.jpg'),
       (24, 'https://ae04.alicdn.com/kf/H0cc58c06d0864e2a8160af036666e54bX.jpg'),
       (35, 'https://ae04.alicdn.com/kf/S15d34cddc3264bb7b2c88cef11afb734A.jpg_640x640.jpg'),
       (45, 'https://ae04.alicdn.com/kf/S005cc2dc725e4bd8b2662398baa8d405i.jpg'),
       (56, 'https://ae04.alicdn.com/kf/S4ab066bc69454f29a0da019bbb1175f2E.jpg'),
       (6, 'https://ae04.alicdn.com/kf/Sc4ea4f3d577d45c7bd5cfd8f9905186fb.jpg'),
       (17, 'https://персонаж.рф/wp-content/uploads//2021/04/shyolkovye-platya-foto-2.jpg');

INSERT INTO supplies(id, accepted_products, actual_date,
                     commission, created_at, planned_date,
                     quantity_of_products, status, supply_cost,
                     supply_number, supply_type, seller_id, warehouse_id)
VALUES (1, 200, '2023-07-07', 300, '2023-07-13', '2023-05-28', 10000,
        'DELIVERED', 100, 'SUP2021001', 'MONO_PALLETS', 1, 1),
       (2, 450, '2023-01-25', 300, '2023-07-13', '2023-05-28', 60400,
        'DELIVERED', 500, 'INV-2021-005', 'MONO_PALLETS', 2, 2),
       (3, 100, '2022-07-12', 270, '2023-01-22', '2023-05-28', 23500,
        'DELIVERED', 1000, 'PO-202108-001', 'SUPER_SAFE', 3, 3),
       (4, 699, '2023-07-07', 690, '2023-07-13', '2023-04-28', 46700,
        'DELIVERED', 200, 'SUP2021001', 'BOX', 1, 4),
       (5, 580, '2023-07-07', 1000, '2023-05-13', '2023-05-21', 2000,
        'DELIVERED', 740, 'INV-2021-005', 'BOX', 3, 5);

INSERT INTO supply_products(id, quantity, size_id, supply_id)
VALUES (1, 100, 1, 1),
       (2, 232, 3, 1),
       (3, 22, 4, 1),
       (4, 992, 5, 1),
       (5, 454, 6, 1),
       (6, 21, 7, 2),
       (7, 321, 8, 2),
       (8, 234, 9, 2),
       (9, 999, 10, 3),
       (10, 999, 11, 3),
       (11, 999, 12, 3),
       (12, 156, 13, 4),
       (13, 129, 14, 4),
       (14, 79, 15, 4),
       (15, 130, 16, 5),
       (16, 168, 17, 5),
       (17, 330, 18, 5);

INSERT INTO news (id, topic, description, date)
VALUES (1, 'Новая коллекция',
        'Стильные аксессуары: Освежите свой образ с нашей новой коллекцией модных аксессуаров.' ||
        ' Очки, ремни, шарфы и многое другое!', '2023-07-24'),
       (2, 'Скидка',
        'Специальное предложение: Весь август действует скидка 20% на все платья. Не упустите возможность обновить свой летний гардероб!',
        '2023-07-20'),
       (3, 'Акция',
        'Внимание, продавцы! Мы запускаем акцию "Приведи друга"! Пригласите нового продавца на наш платформу и получите скидку 50% на комиссию за первые 3 месяца работы',
        '2023-07-26'),
       (4, 'Акция',
        'Для наших самых активных продавцов! С 15 июля по 15 августа проводится акция "Бонус за выручку". Продавцы, которые достигнут определенного объема продаж, получат дополнительный бонус на свой баланс.',
        '2023-07-25'),
       (5, 'Коллекция',
        'Запуск новой категории: Мы добавили новую категорию "Эксклюзивные коллекции". Приглашаем всех продавцов представить свои уникальные дизайны и стильные модели',
        '2023-07-25');
INSERT INTO buyer_questions(id, answer, created_at, question, reply_date, buyer_id, sub_product_id)
VALUES (1, 'Answer', '2023-08-29 12:00:00', 'Question', now(), 1, 1),
       (2, 'Answer 1', '2023-09-12 14:00:00', 'Question 1', now(), 2, 2),
       (3, 'Answer 2', '2023-12-23 13:00:00', 'Question 2', now(), 1, 3),
       (4, 'Answer 3', '2023-12-13 17:00:00', 'Question 3', now(), 2, 2);

INSERT INTO supplier(id, car_brand, car_number, name_of_supplier, supply_type, surname_of_supplier)
VALUES (1, 'BMV', '234 AAA', 'Belek', 'BOX', 'Asanov'),
       (2, 'Lexus', '222 BBB', 'Eliza', 'MONO_PALLETS', 'Ashyrbaeva'),
       (3, 'Toyota', '333 MMM', 'Syimyk 70', 'BOX', 'Zhumabekov'),
       (4, 'Kia', '111 QQQ', 'Nuriza', 'MONO_PALLETS', 'Muratova'),
       (5, 'Hyundai', '222 HHH', 'Eliza', 'SUPER_SAFE', 'Ashyrbaeva'),
       (6, 'Lexus', '111 LLL', 'Kant', 'BOX', 'Kanatbekov'),
       (7, 'Kia', '555 PPP', 'Akti', 'MONO_PALLETS', 'Jumabekov'),
       (8, 'Toyota', '222 AAA', 'Almat', 'BOX', 'Almatov');