INSERT INTO banners(id, image)
VALUES (1,
        'https://img.freepik.com/free-vector/fashion-banner-design-with-shirt-bag-camera-case_83728-1865.jpg?w=2000'),
       (2,
        'https://img.freepik.com/premium-vector/spring-fashion-sale-banner-design-template_2239-1180.jpg'),
       (3,
        'https://encrypted-tbn0.gstatic.com/images?q=tbn:ANd9GcQzoYY_fWeMf-11d6tXYNsqVRS2n-ajMGU4ZyRZmpMnt1hCadt1k_HgJeyZjAHp04KiwWs&usqp=CAU'),
       (4,
        'https://encrypted-tbn0.gstatic.com/images?q=tbn:ANd9GcQU-YD9rtlaeNSMxFvT46Rqjcz1a3XlI2UcOjVF9vixjY0BtjqrLs5x2FaXJi5nsiQkvpE&usqp=CAU'),
       (5,
        'https://marketplace.canva.com/EAFVHstxnwk/1/0/1600w/canva-beige-aesthetic-exclusive-fashion-wear-collection-clothing-banner-BZb4KkCdNP0.jpg');

INSERT INTO users (id, email, password, is_verify, confirm_code, phone_number, role)
VALUES
--     пароль:Buyer123
(1, 'buyer@gmail.com',
 '$2a$12$oU/NczE1jY6mFXp5hAvlCutEGhtEMs6EP3G5m/l9vpFc8TlTam3DS',
 true , 1234,
 '+996702666357', 'BUYER'),

--     пароль:Buyer00
(2, 'bb@gmail.com',
 '$2a$12$OvPx7qpK9cO9JE6oTPfWBeQH/6WKZZub4oP76S7aX./CgSgpGUasK',
 true, 1234,
 '+996702666357', 'BUYER'),

--  пароль:Admin123
(3, 'admin@gmail.com',
 '$2a$12$L67vHDQc6nq8XP.HfuIbBeK6f29ah2PpiEBSyjjBXifW4dFP8kDye',
 true, 1234,
 '+996990128880', 'ADMIN'),

-- пароль:Seller123
(4, 'seller@gmail.com',
 '$2a$12$Q77myfBp/yyrW143tis01eZrSYL3CKhN9JxMBllslZNm56gyO14/i',
 true, 1234,
 '+996550232345', 'SELLER'),

-- пароль:Seller00
(5, 'ss@gmail.com',
 '$2a$12$NLvlWRZ0v4utE/cX2bbKtevG8T8sSHGubfQ2wrMABEeY1UNl0ngbW',
 true, 1234,
 '+996550232345', 'SELLER'),

-- пароль:Seller88
(6, 'eliza@gmail.com',
 '$2a$12$IZQGU1pFgWxX5M1LHJVrI.0FeYWfw3j.DxWRjVjARLRViDFObuHF.',
 true, 1234,
 '+996550232345', 'SELLER');

INSERT INTO buyers(id, full_name, date_of_birth, user_id, address, gender)
VALUES (1, 'Kanykei Askarbekova',
        '2003-03-18', 1,
        'Область Чуй,город Бишкек,мкр Кок Жар,улица Молдокулова 10,подъезд 3, кв 10', 'FEMALE'),
       (2, 'Baiysh Orozaliev',
        '1990-10-23', 2,
        'Область Баткен,город Кадамжай,улица Ауэзова 200,подъезд 7,кв 46 ', 'MALE');

INSERT INTO sellers(id, first_name, last_name, bic, itn, about_store, address,
                    name_of_store, store_logo,
                    vendor_number, address_of_store, checking_check, user_id)
VALUES (1, 'Jiydegul', 'Jalilova', 'DEUTDEFF', '765-43-2109', 'Fashion Haven - ваш источник стильной и модной одежды',
        'ТЦ ГУМ, город Бишкек',
        'Fashion Haven',
        'https://s.tmimgcdn.com/scr/800x500/183700/modern-shopping-business-logo-template_183766-original.jpg',
        'VND12345','ТЦ ГУМ, город Бишкек', 34567, 4),
       (2, 'Aiperi', 'Toktosunova', 'UBSWCHZH80A', '987-65-4321',
        'Trendy Threads - магазин для тех, кто следит за модой',
        'ТЦ ЦУМ, город Ош',
        'Trendy Threads',
        'https://encrypted-tbn0.gstatic.com/images?q=tbn:ANd9GcRwhRFf7FljIdmi9O3IJF7w438B_ljoSVtmyA&usqp=CAU',
        'SPLR789', 'ТЦ ЦУМ, город Ош', 23456, 5),
       (3, 'Eliza', 'Ashyralieva', 'KASITHBK', '444-44-4444',
        'Classic Elegance - магазин, где классика встречает элегантность',
        'ТЦ Asia Mall, город Бишкек', 'Classic Elegance',
        'https://encrypted-tbn0.gstatic.com/images?q=tbn:ANd9GcSALIXFTV7zON37JghAVcdd6f_a1b-o9atknA&usqp=CAU',
        'PVDR7890', 'ТЦ Asia Mall, город Бишкек', 12345, 6);

INSERT INTO customers(id, first_name, last_name,
                      address, city, country, email,
                      phone_number, postal_code)
VALUES (1, 'Курстан', 'Эркинбаев',
        'Ош', 'Ош', 'Кыргызстан',
        'kurstan@gmail.com',
        '+996555990123', '723000'),
       (2, 'Нурадил', 'Жолдошов',
        'Талас', 'Талас', 'Кыргызстан',
        'nuradil@gmail.com',
        '+996703425039', '723000'),
       (3, 'Сыймык', 'Жумабек уулу',
        'Кара Суу', 'Ош', 'Кыргызстан',
        'syimyk@gmail.com',
        '+996990124556', '723040'),
       (4, 'Алтынбек', 'Шакиров',
        'Токтогул', 'Жалал Абад', 'Кыргызстан',
        'altynbek@gmail.com',
        '+996222345678', '724000'),
       (5, 'Адил', 'Айтбаев',
        'Бишкек', 'Бишкек', 'Кыргызстан',
        'adil@gmail.com',
        '+996990129090', '720000'),
       (6, 'Илим', 'Шабданов',
        'Бишкек', 'Бишкек', 'Кыргызстан',
        'ilim@gmail.com',
        '+996555967807', '720000'),
       (7, 'Кутман', 'Келсинбеков',
        'Бишкек', 'Бишкек', 'Кыргызстан',
        'kutman@gmail.com',
        '+996222095698', '720000'),
       (8, 'Айгерим', 'Токторбаева',
        'Нарын', 'Нарын', 'Кыргызстан',
        'aigerim@gmail.com',
        '+996700123456', '724100'),
       (9, 'Эркин', 'Амантаев',
        'Ыссык-Куль', 'Каракол', 'Кыргызстан',
        'erkin@gmail.com',
        '+996777987654', '722300'),
       (10, 'Гулзина', 'Тургунбаева',
        'Чолпон-Ата', 'Иссык-Куль', 'Кыргызстан',
        'gulzina@gmail.com',
        '+996555111222', '722160'),
       (11, 'Айбек', 'Раимкулов',
        'Каракол', 'Иссык-Куль', 'Кыргызстан',
        'aybek@gmail.com',
        '+996700112233', '722160'),
       (12, 'Назгул', 'Алиева',
        'Бишкек', 'Бишкек', 'Кыргызстан',
        'nazgul@gmail.com',
        '+996555987654', '720010'),
       (13, 'Рустам', 'Темиров',
        'Ош', 'Ош', 'Кыргызстан',
        'rustam@gmail.com',
        '+996770123456', '723010'),
       (14, 'Асель', 'Абдырайымова',
        'Токмок', 'Чуй', 'Кыргызстан',
        'asel@gmail.com',
        '+996555999888', '722010'),
       (15, 'Тимур', 'Турсунов',
        'Джалал-Абад', 'Джалал-Абад', 'Кыргызстан',
        'timur@gmail.com',
        '+996700987654', '715010');

INSERT INTO appeals(id, title, divide, detailed_appeal, buyer_id)
VALUES (1,
        'Жалоба', 'Жалоба', 'Жалоба на качество услуг', 1),
       (2,
        'Запрос', 'Запрос', 'Запрос на получение информации', 1);

INSERT INTO categories(id, name)
VALUES (1,
        'Мужской'),
       (2,
        'Женский'),
       (3,
        'Детский');

INSERT INTO sub_categories(id, category_id, name)
VALUES (1, 1, 'Вся одежда'),
       (2, 1, 'Новинки'),
       (3, 1, 'Брюки и шорты'),
       (4, 1, 'Верхняя одежда'),
       (5, 1, 'Футболки и майки'),
       (6, 1, 'Одежда для дома'),
       (7, 1, 'Свитшоты и Худи'),
       (8, 1, 'Нижнее белье'),
       (9, 1, 'Костюмы и рубашки'),
       (10, 1, 'Джемперы и кардиганы'),
       (11, 1, 'Обувь'),
       (12, 1, 'Головные уборы'),
       (13, 1, 'Спортивная одежда'),
       (14, 1, 'Бестселлеры'),
       (15, 1, 'Распродажа'),
       (16, 1, 'Сумки'),
       (17, 2, 'Свитера и кофты и Худи '),
       (18, 2, 'Джемперы и кардиганы'),
       (19, 2, 'Платья'),
       (20, 2, 'Белье'),
       (21, 2, 'Блузки и рубашки'),
       (22, 2, 'Футболки и майки'),
       (23, 2, 'Верхняя одежда'),
       (24, 2, 'Спортивная одежда'),
       (25, 2, 'Вся одежда'),
       (26, 2, 'Сумки'),
       (27, 2, 'Обувь'),
       (28, 2, 'Головные уборы и аксессуары'),
       (29, 2, 'Новинки'),
       (30, 2, 'Брюки и шорты'),
       (31, 2, 'Бестселлеры'),
       (32, 2, 'Распродажа'),
       (33, 2, 'Юбки'),
       (34, 3, 'Одежда для новорожденных'),
       (35, 3, 'Одежда для девочек'),
       (36, 3, 'Одежда для мальчиков');

INSERT INTO discounts(id, date_of_finish, date_of_start, percent)
VALUES (1,
        '2023-07-01', '2023-07-12', 70),
       (2,
        '2023-06-23', '2023-09-29', 50),
       (3,
        '2023-07-02', '2023-07-25', 25),
       (4,
        '2023-06-01', '2023-08-17', 60),
       (5,
        '2023-05-23', '2023-11-12', 15),
       (6,
        '2023-06-15', '2023-07-05', 40),
       (7,
        '2023-07-10', '2023-08-20', 55),
       (8,
        '2023-06-05', '2023-06-30', 30),
       (9,
        '2023-08-01', '2023-08-31', 20),
       (10,
        '2023-09-05', '2023-09-30', 10);


INSERT INTO products(id, brand, composition,
                     date_of_change, date_of_create,
                     is_draft, manufacturer, name,
                     rating, season, seller_id, sub_category_id)
VALUES (1, 'ZARA', 'Шерсть/Кашемир', '2023-03-03', '2023-01-23',
        FALSE, 'БайGo', 'Платье', 9.8, 'Летний', 1, 19),
       (2, 'Calvin Klein', 'Хлопок/Полиэстер/Эластан',
        '2022-12-03', '2023-05-29',
        TRUE, 'БайGo', 'Шорты', 9.8, 'Летний', 1, 30),
       (3, 'Gucci', 'Полиэстер/Вискоза/Эластан', '2023-03-03', '2023-01-23',
        FALSE, 'БайGo', 'Свитшот', 9.8, 'Зимний', 1, 7),
       (4, 'Puma', 'Синтетика/Резина', '2023-12-20', '2023-11-20',
        FALSE, 'БайGo',
        'Повседневные кроссовки', 8.6, 'Летний', 2, 11),
       (5, 'H&M', '100% Хлопок', '2023-03-03', '2022-12-30',
        FALSE, 'БайGo', 'Футболка', 3.3, 'Летний', 1, 22),
       (6, 'Disney', 'Хлопок/Полиэстер', '2024-01-10', '2023-12-10',
        FALSE, 'БайGo',
        'Детский комбинезон', 9.2, 'Осенний', 1, 36),
       (7, 'Carter\s', 'Хлопок', '2024-01-20', '2024-01-01',
        TRUE, 'БайGo',
        'Детское боди', 9.5, 'Всесезонный', 1, 34),
       (8, 'Adidas', 'Кожа/Синтетика', '2023-12-01', '2023-11-01',
        FALSE, 'БайGo',
        'Кеды', 8.7, 'Всесезонный', 1, 11),
       (9, 'GapKids', 'Хлопок/Полиэстер', '2024-02-10', '2024-02-01',
        TRUE, 'БайGo',
        'Детский свитер', 9.1, 'Зимний', 1, 36),
       (10, 'Nike', 'Текстиль/Синтетика', '2023-11-20', '2023-10-20',
        TRUE, 'БайGo',
        'Беговые кроссовки', 9.4, 'Летний', 1, 27),
       (11, 'Balenciaga', 'Кожа/Текстиль', '2023-11-01', '2023-10-01',
        FALSE, 'БайGo',
        'Кроссовки', 9.6, 'Летний', 1, 27),
       (12, 'Burberry', 'Шерсть/Кашемир/Ангора', '2023-09-15', '2023-08-30',
        FALSE, 'БайGo',
        'Пальто', 9.2, 'Зимний', 1, 4),
       (13, 'Dolce & Gabbana', 'Шелк/Полиэстер/Эластан', '2023-09-10', '2023-08-20',
        FALSE, 'БайGo',
        'Вечернее платье', 9.7, 'Осенний', 1, 19),
       (14, 'GAP', 'Хлопок/Эластан', '2023-10-01', '2023-09-10',
        TRUE, 'БайGo',
        'Джинсовые бермуда', 8.7, 'Летний', 1, 30),
       (15, 'Prada', 'Кожа', '2023-09-20', '2023-09-01',
        TRUE, 'БайGo',
        'Кошелек', 8.4, 'Всесезонный', 1, 28);

INSERT INTO sub_products(id,articulbg,articul_of_seller,
                         color, color_hex_code,description,
                         height, is_fashion, length, main_image, price,
                         width, weight, product_id,discount_id)
VALUES (1, '12345678', 'kid123',
        'Черный', '#000000', 'Стильный женский кошелек с принтом и множеством отделений', 1, FALSE, 1,
        'https://ae04.alicdn.com/kf/S8c0b35df733d4f10a46df8f61d8f167dH.jpg_480x480.jpg', 2000, 1, 1, 1, null),
       (2, '23456789', 'mko456',
        'Красный', '#FF0000', 'Комфортные джинсовые бермуда с застежкой на молнию и пуговицу', 2, TRUE, 2,
        'https://ae01.alicdn.com/kf/H7ba2a85421be4efcaa83e8c1cb42bb86D.jpg', 5900, 2, 2, 1, 2),
       (3, '34567890', 'ljn3456',
        'Фиолетовый', '#800080', 'Эксклюзивный вечерний наряд с вышивкой и открытой спиной', 3, TRUE, 3,
        'https://images.shafastatic.net/100463257', 3999, 3, 3, 1, null),
       (4, '45678901', 'vgk83jb',
        'Розовый', '#FFC0CB', 'Стильное пальто с поясом и воротником-стойкой', 4, FALSE, 4,
        'https://images.shafastatic.net/100463257', 10500, 4, 4, 2, 4),
       (5, '56789012', 'jhs3k2',
        'Желтый', '#FFFF00', 'Модные женские кроссовки с контрастными вставками и подошвой-платформой', 5, FALSE, 5,
        'https://cf.shopee.tw/file/dd9e8aef98bb30ce95b477bde483aebb', 6666,5, 5, 2, 5),
       (6, '67890123', 'ksk445nm',
        'Синий', '#0000FF', 'Легкие и комфортные женские кроссовки для бега', 6, FALSE, 6,
        'https://ae04.alicdn.com/kf/S8c0b35df733d4f10a46df8f61d8f167dH.jpg_480x480.jpg', 8500, 6, 6, 2, 6),
       (7, '78901234', 'nj4h5k',
        'Зеленый', '#008000', 'Теплый детский свитер с ярким принтом', 7, TRUE, 7,
        'https://legrand-collection.com.ua/images/detailed/4/MR-182-143_N_4qgn-35.jpg', 2500,7, 7, 3, null),
       (8, '89012345', 'huif855',
        'Оранжевый', '#FFA500', 'Классические мужские кеды со шнуровкой', 8, TRUE, 8,
        'https://zara-ru.com/images/detailed/1893/5862157520_2_1_1.jpg', 3900, 8, 8, 3, 10),
       (9, '90123456', 'cr8e97m',
        'Желтый', '#FFFF00', 'Мягкий и удобный детский боди с принтом', 9, FALSE, 9,
        'https://ae01.alicdn.com/kf/H7ba2a85421be4efcaa83e8c1cb42bb86D.jpg', 5500, 9, 9, 4, 2),
       (10, '01234567', 'nji8744',
        'Коричневый', '#A52A2A', 'Стильная футболка с круглым вырезом и короткими рукавами', 10, TRUE, 10,
        'https://персонаж.рф/wp-content/uploads//2021/04/shyolkovye-platya-foto-2.jpg', 7200, 10, 10, 5, null),
       (11, '12348993', '48fhn6rk',
        'Серый', '#808080',  'Симпатичный детский комбинезон с изображением персонажей Disney', 11, FALSE, 11,
        'https://encrypted-tbn0.gstatic.com/images?q=tbn:ANd9GcR05oF3ha146qSngrUPI8ojaYqjWVVq5fwCKFgmMo8A70pIXgMGRLdTEhx6cnTHU3dyXHk&usqp=CAU', 11, 11, 3500, 6, 9),
       (12, '35565433', 'n489ef66',
        'Белый', '#FFFFFF', 'Приталенное платье с V-образным вырезом и длинными рукавами', 12, FALSE, 12,
        'https://images.shafastatic.net/100463257', 4500, 12, 12, 6, 1),
       (13, '86950433', '943hf30',
        'Коралловый', '#FF7F50', 'Стильные шорты с высокой посадкой и широким поясом', 13, TRUE, 13,
        'https://images.shafastatic.net/100463257', 5900, 13, 13, 7, 3),
       (14, '87368905', '487fh58m',
        'Салатовый', '#7FFF00', 'Стильные мужские кроссовки для повседневной носки', 14, FALSE, 14,
        'https://image-thumbs.shafastatic.net/991822872_310_430', 2800, 14, 14, 7, 5),
       (15, '34356543', 'm6ri49043',
        'Серебристый', '#C0C0C0', 'Удобный свитшот с капюшоном и карманом-кенгуру', 15, TRUE, 15,
        'https://images.shafastatic.net/502615598', 6200, 15, 15, 8, 7),
       (16, '34346576', '48fh494fm',
        'Сиреневый', '#DA70D6', 'Классические мужские кеды со шнуровкой', 16, TRUE, 16,
        'https://cf.shopee.tw/file/dd9e8aef98bb30ce95b477bde483aebb', 4100, 16, 16, 9, null),
       (17, '29085722', '8597fh7ncg',
        'Голубой', '#00BFFF', 'Мягкий и удобный детский боди с принтом', 17, TRUE, 17,
        'https://basket-05.wb.ru/vol741/part74189/74189201/images/c516x688/1.jpg', 3600, 17, 17, 10, null),
       (18, '89752000', '9845bnc494',
        'Коричневый', '#8B4513', 'Легкие и комфортные женские кроссовки для бега', 18, FALSE, 18,
        'https://ir.ozone.ru/s3/multimedia-i/c300/6648130098.jpg', 5300, 18, 18, 10, 2),
       (19, '05026554', '875c5j80dm',
        'Желтозеленый', '#ADFF2F', 'Стильное пальто с поясом и воротником-стойкой', 19, TRUE, 19,
        'https://encrypted-tbn0.gstatic.com/images?q=tbn:ANd9GcR0cgoQfuuEiMLZxaCWkLhqo2hvAdXYs_1cPg&usqp=CAU', 2900, 19, 19, 10, 5),
       (20, '25489654', '5fj7unj50',
        'Оливковый', '#808000','Эксклюзивный вечерний наряд с вышивкой и открытой спиной', 20, FALSE, 20,
        'https://content2.rozetka.com.ua/goods/images/original/81325899.jpg', 3800, 20, 20, 11, 7),
       (21, '53665849', '489bt6hr76',
        'Фуксия', '#FF00FF', 'Стильная футболка с круглым вырезом и короткими рукавами', 21, TRUE, 21,
        'https://swbaby.ru/userfls/shop/large/4/38985_petit-bebe-kombinezon-s-kapyushon.jpg', 4700, 21, 21, 11, 9),
       (22, '39640395', '9850mv,6',
        'Персиковый', '#FFDAB9', 'Классические мужские кеды со шнуровкой', 22, FALSE, 22,
        'https://content.rozetka.com.ua/goods/images/original/61613267.jpg', 6200, 22, 22, 12, 1),
       (23, '56454290','859f4ntu4',
        'Гранатовый', '#800000',  'Удобный свитшот с капюшоном и карманом-кенгуру', 23, TRUE, 23,
        'https://encrypted-tbn0.gstatic.com/images?q=tbn:ANd9GcTcem2Tdfox6vOudydf7u7bmrT-_okY0mdLkQ&usqp=CAU', 5400, 23, 23, 12, 3),
       (24, '87358925', '785f4ntr5',
        'Бирюзовый', '#40E0D0', 'Симпатичный детский комбинезон с изображением персонажей Disney', 24, FALSE, 24,
        'https://encrypted-tbn0.gstatic.com/images?q=tbn:ANd9GcTQwl-wBaTBg82S8mG_IywIYnjPLHQhUXZcdg&usqp=CAU', 4600, 24, 24, 13, null),
       (25, '49830600', 'jft890e054',
        'Мятный', '#98FF98', 'Модные женские кроссовки с контрастными вставками и подошвой-платформой', 25, TRUE, 25,
        'https://svs.proatribut.ru/uploads/20180906/36_ID49823.jpg', 3100, 25, 25, 13, 3),
       (26, '85306066', '05nft8050',
        'Кремовый', '#FFFDD0', 'Стильное пальто с поясом и воротником-стойкой', 26, FALSE, 26,
        'https://ae04.alicdn.com/kf/S76b47001d824440e98c0f0a55bc350b1K.jpg_640x640.jpg', 5000, 26, 26, 13, 9),
       (27, '85376843', '456vgy554',
        'Темно-синий', '#00008B', 'Эксклюзивный вечерний наряд с вышивкой и открытой спиной', 27, TRUE, 27,
        'https://alitools.io/ru/showcase/image?url=https%3A%2F%2Fae01.alicdn.com%2Fkf%2FH68ed3f2c1f37437a881ffbce47f36655A.jpg_480x480.jpg', 4200, 27, 27, 14, 4),
       (28, '453653775', '4gt65hyy',
        'Лаймовый', '#00FF00', 'Стильный женский кошелек с принтом и множеством отделений', 28, FALSE, 28,
        'https://ae04.alicdn.com/kf/Sd51425271c4c4500a7febe5559d6a41a9.jpg_640x640.jpg', 3700, 28, 28, 14, 4),
       (29, '666666626', 'yh655by5b',
        'Серебристо-серый', '#C0C0C0', 'Удобный свитшот с капюшоном и карманом-кенгуру', 29, TRUE, 29,
        'https://encrypted-tbn0.gstatic.com/images?q=tbn:ANd9GcQU7sOTy7Nh601_lPNtZY-gxPTmyeFnKWvuv2M9LlwwAGdjVxMLU2zqL6Hqz7MUDG19P0c&usqp=CAU', 4800, 29, 29, 15, null),
       (30, '547657567', '5y65gy54j',
        'Рыжий', '#FF4500', 'Стильные шорты с высокой посадкой и широким поясом', 30, FALSE, 30,
        'https://ae01.alicdn.com/kf/S58fe73d6948e44ab99daa45c4cf38f7d8.jpg', 3300, 30, 30, 15, null);

INSERT INTO sub_product_images(sub_product_id, images)
VALUES (1,
        'https://ae01.alicdn.com/kf/S58fe73d6948e44ab99daa45c4cf38f7d8.jpg'),
       (2,
        'https://encrypted-tbn0.gstatic.com/images?q=tbn:ANd9GcQU7sOTy7Nh601_lPNtZY-gxPTmyeFnKWvuv2M9LlwwAGdjVxMLU2zqL6Hqz7MUDG19P0c&usqp=CAU'),
       (3,
        'https://ae04.alicdn.com/kf/Sd51425271c4c4500a7febe5559d6a41a9.jpg_640x640.jpg'),
       (4,
        'https://alitools.io/ru/showcase/image?url=https%3A%2F%2Fae01.alicdn.com%2Fkf%2FH68ed3f2c1f37437a881ffbce47f36655A.jpg_480x480.jpg'),
       (5,
        'https://cdn.laredoute.ru/products/1/d/0/1d05d12870312db7650d865c29a0b330.jpg'),
       (6,
        'https://ae04.alicdn.com/kf/S76b47001d824440e98c0f0a55bc350b1K.jpg_640x640.jpg'),
       (7,
        'https://svs.proatribut.ru/uploads/20180906/36_ID49823.jpg'),
       (8,
        'https://encrypted-tbn0.gstatic.com/images?q=tbn:ANd9GcTQwl-wBaTBg82S8mG_IywIYnjPLHQhUXZcdg&usqp=CAU'),
       (9,
        'https://encrypted-tbn0.gstatic.com/images?q=tbn:ANd9GcTcem2Tdfox6vOudydf7u7bmrT-_okY0mdLkQ&usqp=CAU'),
       (10,
        'https://encrypted-tbn0.gstatic.com/images?q=tbn:ANd9GcRYvJrR5YUMRFTxfXrIDA2hRlwjxUmVhA7XJANjQs7cv3PwrkDH2cBTksdqm_Tv-OMm-Og&usqp=CAU'),
       (11,
        'https://content.rozetka.com.ua/goods/images/original/61613267.jpg'),
       (12,
        'https://swbaby.ru/userfls/shop/large/4/38985_petit-bebe-kombinezon-s-kapyushon.jpg'),
       (13,
        'https://content2.rozetka.com.ua/goods/images/original/81325899.jpg'),
       (14,
        'https://encrypted-tbn0.gstatic.com/images?q=tbn:ANd9GcQJLH0uvuixZ9HJMUImFge6pHQn7AZMnQmm9A&usqp=CAU'),
       (15,
        'https://encrypted-tbn0.gstatic.com/images?q=tbn:ANd9GcR0cgoQfuuEiMLZxaCWkLhqo2hvAdXYs_1cPg&usqp=CAU'),
       (16,
        'https://ir.ozone.ru/s3/multimedia-i/c300/6648130098.jpg'),
       (17,
        'https://basket-05.wb.ru/vol741/part74189/74189201/images/c516x688/1.jpg'),
       (18,
        'https://cf.shopee.tw/file/dd9e8aef98bb30ce95b477bde483aebb'),
       (19,
        'https://images.shafastatic.net/502615598'),
       (20,
        'https://image-thumbs.shafastatic.net/991822872_310_430'),
       (21,
        'https://images.shafastatic.net/100463257'),
       (22,
        'https://smartcasuals.ru/wp-content/uploads/2021/09/DSC_1473.jpg'),
       (23,
        'https://encrypted-tbn0.gstatic.com/images?q=tbn:ANd9GcR05oF3ha146qSngrUPI8ojaYqjWVVq5fwCKFgmMo8A70pIXgMGRLdTEhx6cnTHU3dyXHk&usqp=CAU'),
       (24,
        'https://encrypted-tbn0.gstatic.com/images?q=tbn:ANd9GcQz3HZH9jtqZ_tNndIPqEke9w5_0tI5KkfmNHUvEFETvPF7ENtVJTD921fAt7M99Xjnghc&usqp=CAU'),
       (25,
        'https://tessuti-ital.ru/upload/resize_cache/iblock/bfe/600_600_14d9f661248b15d0b6eac66e4ee6fe37e/bfe95474df05ebdc743398ff3e36e176.jpg'),
       (26,
        'https://персонаж.рф/wp-content/uploads//2021/04/shyolkovye-platya-foto-2.jpg'),
       (27,
        'https://ae01.alicdn.com/kf/H7ba2a85421be4efcaa83e8c1cb42bb86D.jpg'),
       (28,
        'https://zara-ru.com/images/detailed/1893/5862157520_2_1_1.jpg'),
       (29,
        'https://legrand-collection.com.ua/images/detailed/4/MR-182-143_N_4qgn-35.jpg'),
       (30,
        'https://ae04.alicdn.com/kf/S8c0b35df733d4f10a46df8f61d8f167dH.jpg_480x480.jpg');


INSERT INTO sizes(id, barcode, fbb_quantity, fbs_quantity, size, sub_product_id)
VALUES (1,
        1111, 100, 120, 'M', 1),
       (2,
        1112, 2340, 40, 'S', 1),
       (3,
        1113, 999, 30, 'L', 1),
       (4,
        1114, 7000, 1000, 'XL', 2),
       (5,
        1115, 200, 400, 'XS', 2),
       (6,
        1116, 50, 30, 'XXL', 2),
       (7,
        1117, 300, 100, 'L', 2),
       (8,
        1118, 120, 10, 'S', 3),
       (9,
        1119, 80, 25, 'M', 3),
       (10,
        1120, 150, 70, 'XL', 3),
       (11,
        1121, 200, 80, 'M', 3),
       (12,
        1122, 150, 20, 'L', 3),
       (13,
        1123, 100, 10, 'S', 4),
       (14,
        1124, 50, 35, 'XL', 4),
       (15,
        1125, 80, 20, 'XXL', 5),
       (16,
        1126, 120, 100, 'S', 5),
       (17,
        1127, 90, 100, 'M', 5),
       (18,
        1128, 70, 120, 'L', 5),
       (19,
        1129, 40, 10, 'XL', 5),
       (20,
        1130, 60, 34, 'XXL', 6),
       (21,
        2211, 180, 30, 'M', 6),
       (22,
        2212, 130, 450, 'L', 7),
       (23,
        1343, 110, 30, 'S', 7),
       (24,
        6543, 70, 10, 'XL', 7),
       (25,
        6789, 100, 30, 'XXL', 8),
       (26,
        7890, 220, 40, 'S', 8),
       (27,
        8901, 160, 100, 'M', 8),
       (28,
        9012, 140, 30, 'L', 8),
       (29,
        0123, 90, 400, '40', 9),
       (30,
        2345, 120, 60, '42', 9),
       (31,
        2432, 80, 130, '39', 9),
       (32,
        5542, 120, 100, 'L', 10),
       (33,
        2234, 150, 30, 'S', 10),
       (34,
        5564, 100, 45, '2 года', 11),
       (35,
        2340, 70, 90, '1,5 года', 11),
       (36,
        0076, 90, 30, '6-9 месяцев', 12),
       (37,
        0034, 110, 45, '0-1 месяц', 13),
       (38,
        0023, 160, 25, '3 месяца', 13),
       (39,
        0021, 200, 60, '6-9 месяцев', 14),
       (40,
        2367, 140, 30, '2-3 месяца', 14),
       (41,
        9944, 120, 40, '40', 15),
       (42,
        3333, 80, 70, '5 года', 16),
       (43,
        2246, 100, 100, '3 года', 16),
       (44,
        0885, 70, 30, '36', 17),
       (45,
        2000, 90, 40, '37', 18),
       (46,
        9863, 220, 100, '38', 18),
       (47,
        2674, 160, 40, '39', 19),
       (48,
        0284, 140, 20, '35', 19),
       (49,
        9270, 90, 30, '38', 20),
       (50,
        0055, 120, 25, '37', 20),
       (51,
        9999, 90, 80, '36', 21),
       (52,
        8888, 130, 60, 'L', 22),
       (53,
        8765, 160, 20, 'S', 22),
       (54,
        2382, 120, 90, 'XL', 23),
       (55,
        4372, 80, 120, 'XXL', 23),
       (56,
        8234, 100, 10, 'S', 24),
       (57,
        7234, 120, 20, 'M', 24),
       (58,
        4527, 170, 40, 'L', 25),
       (59,
        1029, 210, 100, 'XL', 25),
       (60,
        2012, 150, 30, 'XXL', 26),
       (61,
        0345, 130, 10, 'M', 26),
       (62,
        0345, 90, 60, 'L', 27),
       (63,
        3272, 110, 30, 'S', 28),
       (64,
        7856, 80, 20, 'XL', 28),
       (65,
        8356, 100, 20, 'маленький', 29),
       (66,
        5243, 230, 150, 'большой', 29),
       (67,
        2725, 170, 70, 'средний', 29),
       (68,
        3835, 150, 80, 'маленький', 30),
       (69,
        2547, 100, 10, 'средний', 30),
       (70,
        8466, 130, 20, 'большой', 30);

INSERT INTO orders(id, date_of_order, order_number,
                   payment_type, total_price, with_delivery,
                   buyer_id, customer_id)
VALUES (1, '2022-12-30', '11',
        'ONLINE_BY_CARD', 2000, TRUE, 2, 1),
       (2, '2023-12-21', '22',
        'OFFLINE_BY_CARD', 4560, TRUE, 1, 2),
       (3, '2023-02-11', '33',
        'OFFLINE_BY_CASH', 1999, FALSE, 2, 3),
       (4, '2023-01-15', '44',
        'OFFLINE_BY_CASH', 870, FALSE, 1, 4),
       (5, '2023-02-01', '55',
        'ONLINE_BY_CARD', 3690, TRUE, 1, 5),
       (6, '2023-05-24', '66',
        'OFFLINE_BY_CARD', 500, FALSE, 2, 6),
       (7, '2023-04-10', '77',
        'OFFLINE_BY_CASH', 4500, FALSE, 1, 7),
       (8, '2023-06-17', '71',
        'ONLINE_BY_CARD', 7700, TRUE, 1, 8),
       (9, '2023-07-12', '23',
        'OFFLINE_BY_CASH', 50000, FALSE, 1, 9),
       (10, '2023-01-29', '86',
        'OFFLINE_BY_CARD', 90000, TRUE, 1, 10),
       (11, '2023-02-25', '12',
        'ONLINE_BY_CARD', 7890, FALSE, 1, 11),
       (12, '2023-04-22', '22',
        'OFFLINE_BY_CASH', 1240, TRUE, 1, 12),
       (13, '2023-07-11', '131',
        'OFFLINE_BY_CARD', 2900, FALSE, 1, 13),
       (14, '2023-04-19', '28',
        'ONLINE_BY_CARD', 5000, FALSE, 2, 14),
       (15, '2023-06-06', '17',
        'ONLINE_BY_CARD', 9999, FALSE, 1, 15);

INSERT INTO fbs_supplies (id, name, created_at, received_at, quantity_of_products, qr_code, fbs_supply_status,
                          seller_id)
VALUES (1, 'T-shirt', NOW(), NOW(), 100, '123456', 'RECEIVED', 1),
       (2, 'T-shirt 2', now(), now(), 200, '32421', ' ACCEPTED', 2),
       (3, 'Women t-shirt', now(), now(), 202, '23132', ' ACCEPTED', 3),
       (4, 'Cap', now(), now(), 203, '23413', 'RECEIVED', 1),
       (5, 'Shorts', now(), now(), 101, '42313', 'RECEIVED', 2),
       (6, 'Deuces', now(), now(), 102, '54353', 'ACCEPTED', 3),
       (7, 'Sweater', now(), now(), 103, '59892', 'RECEIVED', 1),
       (8, 'T-shirt', now(), now(), 104, '43422', 'ACCEPTED', 2),
       (9, 'Deuces', now(), now(), 121, '232242', 'RECEIVED', 2),
       (10, 'Sweater', now(), now(), 131, '432132', 'ACCEPTED', 1),
       (11, 'Dresses', now(), now(), 141, '323123', 'RECEIVED', 3),
       (12, 'Sportswear', now(), now(), 111, '213112', 'RECEIVED', 1),
       (13, 'Sportswear', now(), now(), 222, '432234', 'ACCEPTED', 2),
       (14, 'JACKET', now(), now(), 333, '543345', 'ACCEPTED', 3),
       (15, 'Cap', now(), now(), 123, '098432', 'ACCEPTED', 1);


INSERT INTO orders_sizes (id, quantity, order_status, date_of_received, qr_code, order_id, size_id, fbs_supply_id, is_fbs_order)
VALUES (1, 2, 'PENDING', NOW(), '456789', 1, 1, 1, TRUE),
       (2, 3, 'ON_ASSEMBLY', now(), '123452', 2, 2, 2, TRUE),
       (3, 4, 'ON_SUPPLY_DELIVERY', now(), '343543', 3, 3, 3, TRUE),
       (4, 5, 'ON_WAREHOUSE', now(), '674321', 4, 4, 2, FALSE),
       (5, 6, 'ON_PIO', now(), '234132', 5, 5, 3, FALSE),
       (6, 7, 'COURIER_ON_THE_WAY', now(), '543454', 6, 6, 1, TRUE),
       (7, 8, 'DELIVERED', now(), '980765', 7, 7, 2, FALSE),
       (8, 9, 'CANCELED', now(), '876578', 8, 8, 1, TRUE);

INSERT INTO returns (id, reason, country, city, address, postal_code, phone_number, date_of_return)
VALUES (1, 'Product damaged', 'USA', 'New York', '123 Main St', 10001, '555-1234', '2023-08-16 10:00:00'),
       (2, 'Product damaged', 'KYRGYZSTAN', 'BISHKEK', 'Bishkek 123', 20002, '777333222', '2023-08-24 14:00:00'),
       (3, 'Product damaged', 'KAZAKHSTAN', 'ASTANA', 'Astana 234', 30003, '8342344', '2023-08-30 12:00:00'),
       (4, 'Product quality is bad', 'RUSSIAN', 'MOSCOW', 'Moscow 453', 40004, '34543234', '2023-08-25 14:34:03'),
       (5, 'Product quality is bad', 'USA', 'New York', 'New 123', 50005, '4532345', '2023-09-12 15:05:00'),
       (6, 'Product quality is bad', 'KYRGYZSTAN', 'Bishkek', 'Sadr 232', 60006, '3456789', '2023-10-12 23:00:00'),
       (7, 'Product quality is bad', 'TURKEY', 'Istanbul', 'Istanbul 123', 70007, '5346432', '2023-12-23 23:00:00'),
       (8, 'Product quality is bad', 'KAZAKHSTAN', 'Almaty', 'Almaty 123', 80008, '6546432', '2023-12-13 15:00:00');

INSERT INTO return_images (return_id, images)
VALUES (1, 'https://fromjapan.kg/uploads/catalog/products/full/1677324178_40387800.jpg'),
       (2, 'https://brandambassador.kg/product-category/muzhskoe/odezhda-2/futbolki-2/'),
       (3, 'https://encrypted-tbn0.gstatic.com/images?q=tbn:ANd9GcQd0c38bZ_uOMsl_n8TBkkYN9Jljufn5072tA&usqp=CAU'),
       (4, 'https://encrypted-tbn0.gstatic.com/images?q=tbn:ANd9GcToFVChtbPD5TTtd6XE65wbcD9nw2QTjwEKJQ&usqp=CAU'),
       (5, 'https://www.eqvvs.co.uk/cdn/shop/products/1625219842-59783000.jpg?v=1633714518'),
       (6, 'https://encrypted-tbn0.gstatic.com/images?q=tbn:ANd9GcSfqpux-sxeO8rkh6bfJTSxwDIuZ-NYLRx84g&usqp=CAU'),
       (7,
        'https://encrypted-tbn0.gstatic.com/images?q=tbn:ANd9GcROBnYr-OJdr2QkRrLG9GAsm89waL6kIzGRanwXR2qSEjsru-fVVQmUhZreo-8UlaYu3NU&usqp=CAU'),
       (8, 'https://encrypted-tbn0.gstatic.com/images?q=tbn:ANd9GcSGKYp5809S07t8cGBQYZoNAMM55RUg1LQGxA&usqp=CAU'),
       (1, 'https://encrypted-tbn0.gstatic.com/images?q=tbn:ANd9GcRNEl5K743xvrHNfI3Z4Ajg5hqlAbjskapZlQ&usqp=CAU'),
       (2, 'https://encrypted-tbn0.gstatic.com/images?q=tbn:ANd9GcTVndq_ev4N7QEEz0kiltAxngrwGnfvZpcqdg&usqp=CAU'),
       (3, 'https://encrypted-tbn0.gstatic.com/images?q=tbn:ANd9GcSMnm3zw2B4c3VMCp7XgrCeiNZX26zZ6X7H9Q&usqp=CAU'),
       (4, 'https://encrypted-tbn0.gstatic.com/images?q=tbn:ANd9GcT3SE76FudEoNKP2mgcKucQrXq6hqr5VWJoXA&usqp=CAU'),
       (5, 'https://encrypted-tbn0.gstatic.com/images?q=tbn:ANd9GcQgRc74XiKlLlSG44YaIjV8AHpKavZvpys04A&usqp=CAU'),
       (6, 'https://encrypted-tbn0.gstatic.com/images?q=tbn:ANd9GcTMNxBclk36jdAmYCeF6qAPB-O-b2uWSEHLsw&usqp=CAU'),
       (7, 'https://encrypted-tbn0.gstatic.com/images?q=tbn:ANd9GcTg8zxaneoThgRT70HkSeOsxvaXBnTEdmFiaQ&usqp=CAU');
INSERT INTO buyers_baskets(buyer_id, sub_products_size_id)
VALUES (1, 1),
       (1, 2),
       (1, 3),
       (1, 4),
       (1, 5),
       (1, 6),
       (1, 7),
       (1, 8),
       (1, 9),
       (1, 10),
       (1, 11),
       (1, 12),
       (1, 13),
       (1, 14),
       (1, 15),
       (1, 16),
       (1, 17),
       (1, 18),
       (1, 19),
       (1, 20),
       (1, 21),
       (1, 22),
       (1, 23),
       (1, 24),
       (1, 25),
       (1, 26),
       (1, 27),
       (1, 28),
       (1, 29),
       (1, 30),
       (1, 31),
       (1, 32),
       (1, 33),
       (1, 34),
       (1, 35),
       (1, 36),
       (1, 37),
       (1, 38),
       (1, 39),
       (1, 40),
       (1, 41),
       (1, 42),
       (1, 43),
       (1, 44),
       (1, 45),
       (1, 46),
       (1, 47),
       (1, 48),
       (1, 49),
       (1, 50),
       (1, 51),
       (1, 52),
       (1, 53),
       (1, 54),
       (1, 55),
       (1, 56),
       (1, 57),
       (1, 58),
       (1, 59),
       (1, 60),
       (1, 61),
       (1, 62),
       (1, 63),
       (1, 64),
       (1, 65),
       (1, 66),
       (1, 67),
       (2, 68),
       (2, 69),
       (2, 70);

INSERT INTO buyers_favorites(buyer_id, sub_products_id)
VALUES (1, 1),
       (1, 2),
       (1, 3),
       (1, 4),
       (1, 5),
       (1, 6),
       (1, 7),
       (1, 8),
       (1, 9),
       (1, 10),
       (1, 11),
       (1, 12),
       (1, 13),
       (1, 14),
       (1, 15),
       (1, 16),
       (1, 17),
       (1, 18),
       (1, 19),
       (1, 20),
       (1, 21),
       (1, 22),
       (1, 23),
       (1, 24),
       (1, 25),
       (1, 26),
       (1, 27),
       (1, 28),
       (1, 29),
       (1, 30),
       (2, 1),
       (2, 2),
       (2, 3),
       (2, 4),
       (2, 5);

INSERT INTO buyers_last_views(buyer_id, sub_products_id)
VALUES (1, 1),
       (1, 2),
       (1, 3),
       (1, 4),
       (1, 5),
       (1, 6),
       (1, 7),
       (1, 8),
       (1, 9),
       (1, 10),
       (1, 11),
       (1, 12),
       (1, 13),
       (1, 14),
       (1, 15),
       (1, 16),
       (1, 17),
       (1, 18),
       (1, 19),
       (1, 20),
       (1, 21),
       (1, 22),
       (1, 23),
       (1, 24),
       (1, 25),
       (1, 26),
       (1, 27),
       (1, 28),
       (1, 29),
       (1, 30),
       (2, 1),
       (2, 2),
       (2, 3),
       (2, 4),
       (2, 5);

INSERT INTO warehouses(id, name, location, transit_cost)
VALUES (1, 'БайGo', 'Бишкек', 1200.00),
       (2, 'Асман', 'Талас', 2300.00),
       (3, 'Аю Гранд', 'Чуй', 1200.00),
       (4, 'Амазон', 'Ош', 1200.00),
       (5, 'Караван', 'Баткен', 1200.00),
       (6, 'Феникс', 'Нарын', 1200.00),
       (7, 'Искра', 'Джалал-Абад', 1200.00),
       (8, 'Мега-Склад', 'Токмок', 1200.00),
       (9, 'Глобус', 'Каракол', 1200.00),
       (10, 'Альфа', 'Ыссык-Куль', 1200.00),
       (11, 'Логистикс', 'Талдыкорган', 1200.00),
       (12, 'Экспресс-Склад', 'Жезказган', 1200.00),
       (13, 'Урал-Транс', 'Актобе', 1200.00),
       (14, 'Восток-Логистика', 'Атырау', 1200.00),
       (15, 'Запад-Карго', 'Уральск', 1200.00);

INSERT INTO fbs_warehouses (id, name, country, city, index_of_country, street, house_number, phone_number,
                            preparing_supply, assembly_time,type_of_supplier,type_of_product,shipping_type, seller_id)
VALUES (1, 'Жибек Жолу', 'Кыргызстан', 'Бишкек', 723500, 'Лев Толстой', 123, '+1234567890', 3, 4,'WITH_MY_OWN_RESOURCES','ORDINARY','BY_CARRIER_BAIGO', 1),
       (2, 'Асман', 'Кыргызстан', 'Талас', 754200, 'Тунгуч', 456, '+9876543210', 3, 2,'WITH_MY_OWN_RESOURCES','ORDINARY','BY_CARRIER_BAIGO', 2),
       (3, 'Аю Гранд', 'Кыргызстан', 'Чуй', 237800, 'Жал', 789, '+1112223334', 1, 4,'WITH_MY_OWN_RESOURCES','ORDINARY','BY_CARRIER_BAIGO', 1),
       (4, 'Амазон', 'Кыргызстан', 'Ош', 753600, 'Рабочий городок', 101, '+5556667778', 1, 3,'WITH_MY_OWN_RESOURCES','ORDINARY','BY_CARRIER_BAIGO', 3),
       (5, 'Караван', 'Кыргызстан', 'Баткен', 780023, 'К.Акиева', 222, '+9990001112', 3, 2,'WITH_MY_OWN_RESOURCES','ORDINARY','BY_CARRIER_BAIGO', 1);
INSERT INTO fbs_warehouse_working_day(fbs_warehouse_id, day_of_week)
VALUES (1, 'MONDAY'),
       (1, 'TUESDAY'),
       (2, 'SATURDAY'),
       (3, 'MONDAY'),
       (3, 'SATURDAY'),
       (4, 'SUNDAY'),
       (4, 'THURSDAY'),
       (5, 'SATURDAY');

INSERT INTO fbs_warehouses_sub_products(fbs_warehouse_id, sub_products_id)
VALUES (1,1),
       (1,2),
       (1,3),
       (1,4),
       (1,5),
       (1,6),
       (1,7),
       (1,8),
       (1,9),
       (1,10),
       (1,11),
       (1,12),
       (1,13),
       (1,14),
       (1,15),
       (1,16),
       (1,17),
       (1,18),
       (1,19),
       (2,20),
       (2,21),
       (2,22),
       (2,23),
       (2,24),
       (2,25),
       (2,26),
       (2,27),
       (2,28),
       (2,29),
       (2,30);






INSERT INTO mailing_list_subscribers (id, email, is_sale, is_discount, is_new)
VALUES (1,
        'saltanat@gmail.com', TRUE, FALSE, TRUE),
       (2,
        'eliza@gmail.com', FALSE, FALSE, TRUE),
       (3,
        'user@gmail.com', TRUE, TRUE, TRUE),
       (4,
        'nuriza@gmail.com', FALSE, FALSE, FALSE),
       (5,
        'kanykei@gmail.com', TRUE, FALSE, FALSE);

INSERT INTO mailing_lists (id, name, image, description, date_of_start, date_of_finish)
VALUES (1,
        'Скидка', 'https://www.unisender.com/wp-content/uploads/2021/04/sms-rassylka.png',
        'Сезонные скидки на лучшие товары', '2023-06-29', '2023-07-29'),
       (2,
        'Распродажа', 'https://53news.ru/wp-content/uploads/2022/05/emailmarketing-min-1024x593-1.jpg',
        'Большая распродажа: скидки до 50%', '2023-05-12', '2023-07-12'),
       (3,
        'Новые товары', 'https://cdn.esputnik.com/photos/shares/EmailExamples/8%20march%20RU%20(8).jpg',
        'Трендовые новинки: узнайте о наших последних товарах', '2023-06-29', '2023-07-30');


INSERT INTO reviews(id, amount_of_like, text, date_and_time, grade, answer, buyer_id, sub_product_id)
VALUES (1, 50, 'В наличии есть размер М?', '2023-07-13 12:00:00', 5,
        'Красивый пиджаки доступно к продаже, доставка действует по всему Кыргызстану', 1, 1),
       (2, 120, 'В наличии есть размер М?', '2023-07-13 12:00:00', 5, null, 1, 2),
       (3, 1000, 'Можно цену?', '2023-07-13 12:00:00', 4, 'Образ в наличии', 1, 2),
       (4, 75, 'Есть ли размер L в наличии?', '2023-07-13 12:00:00', 2, 'Стильные наряды', 1, 3),
       (5, 250, 'Есть ли скидки на данный товар?', '2023-08-15 20:09:23', 3, 'Вечернее платье для особых случаев', 1,
        3),
       (6, 1231, 'Есть ли красный цвет на данный товар?', '2023-08-15 20:09:23', 5, 'Сейчас самые модные', 2, 3),
       (7, 2353, 'Есть ли доставка на данный товар?', '2023-08-15 20:09:23', 5, 'Вечернее платье для особых случаев', 1,
        4),
       (8, 3453, 'Есть такие детские размеры? Цена??', '2023-08-15 20:09:23', 4,
        'Стильный женский шапки с принтом и множеством отделений', 2, 5),
       (9, 345, 'Здравствуйте, скажите пожалуйста, в каком филиале у вас есть белые ?', '2023-05-15 20:09:23', 3, null,
        1, 5),
       (10, 234, 'Здравствуйте! Почему они подоражали? Воот не давно они чуть дешевле было🤔?', '2023-08-15 20:09:23', 4,
        'Эксклюзивный вечерний наряд с вышивкой и открытой спиной', 2, 6),
       (11, 550, 'Чем отличие от простой шлепки ? Я так и не понял', '2023-04-15 20:09:23', 4,
        'Стильное пальто с поясом и воротником-стойкой', 1, 6),
       (12, 8654, 'Американские?', '2023-08-15 20:09:23', 3, null, 2, 6),
       (13, 456, 'Бежевые есть?', '2023-06-15 20:09:23', 5, 'Легкие и комфортные женские брюки для бега', 1, 7),
       (14, 4567, 'Есть великанывые размеры?', '2023-08-15 20:09:23', 3, 'Теплый детский свитер с ярким принтом', 2, 8),
       (15, 874, 'Если купить сразу 5 штук, Есть ли скидки по больше?', '2023-05-15 20:09:23', 3,
        'Классические мужские фудболки со шнуровкой', 1, 8),
       (16, 293, 'Синтетика или хлопок?', '2023-07-15 20:09:23', 3, null, 2, 9),
       (17, 9745, 'Я хочу знать качество футболки.?', '2023-02-15 20:09:23', 5,
        'Стильная футболка с круглым вырезом и короткими рукавами', 2, 9),
       (18, 354, 'Там должно быть хорошо?', '2023-03-15 20:09:23', 5,
        'Симпатичный детский комбинезон с изображением персонажей Disney', 1, 9),
       (19, 43, 'Девочки, кто заказал синие и голубые… Размер у них одинаковый???', '2023-04-15 20:09:23', 5,
        'Приталенное платье с V-образным вырезом и длинными рукавами', 2, 10),
       (20, 634, 'Стоит ли заказывать? Как насчет качества??', '2023-08-15 20:09:23', 3,
        'Стильные шорты с высокой посадкой и широким поясом', 2, 11),
       (21, 3456, 'Есть ли скидки на данный товар?', '2023-08-15 20:09:23', 5,
        'Стильные мужские кроссовки для повседневной носки', 1, 11),
       (22, 345, 'Здравствуйте, скажите пожалуйста, в каком филиале у вас есть белые?', '2023-08-15 20:09:23', 3,
        'Удобный свитшот с капюшоном и карманом-кенгуру', 2, 12),
       (23, 354, 'Есть ли скидки по больше??', '2023-08-15 20:09:23', 3, null, 2, 12),
       (24, 4563, 'Качественно?', '2023-08-15 20:09:23', 4, 'Мягкий и удобный детский боди с принтом', 1, 12),
       (25, 6346, 'Удобно?', '2023-08-15 20:09:23', 3, null, 2, 13),
       (26, 634, 'Хлопок?', '2023-08-15 20:09:23', 4, 'Стильное пальто с поясом и воротником-стойкой', 2, 14),
       (27, 2560, 'Есть ли скидки на данный товар?', '2023-08-15 20:09:23', 3,
        'Эксклюзивный вечерний наряд с вышивкой и открытой спиной', 1, 14),
       (28, 2250, ' Почему они подоражали??', '2023-08-15 20:09:23', 1,
        'Стильная футболка с круглым вырезом и короткими рукавами', 2, 15),
       (29, 645, 'Есть такие взрослые размеры??', '2023-08-15 20:09:23', 1, null, 2, 15),
       (30, 775, 'Чем отличие от простой фудболки ? Я так и не понял?', '2023-08-15 20:09:23', 4,
        'Удобный свитшот с капюшоном и карманом-кенгуру', 1, 15),
       (31, 444, 'Как мне заказать костюм согласно моим параметрам??', '2023-08-15 20:09:23', 4,
        'Симпатичный детский комбинезон с изображением персонажей Disney', 1, 16),
       (32, 664, 'Почему они подешевели??', '2023-08-15 20:09:23', 4, null, 2, 17),
       (33, 50, 'В наличии есть размер М?', '2023-07-13 12:00:00', 5,
        'Красивый кошелек доступно к продаже, доставка действует по всему Кыргызстану', 1, 1),
       (34, 120, 'В наличии есть размер М?', '2023-07-13 12:00:00', 5, 'Базовые бермуда', 1, 2),
       (35, 1000, 'Можно цену?', '2023-07-13 12:00:00', 4, 'Образ в наличии', 1, 2),
       (36, 75, 'Есть ли размер L в наличии?', '2023-07-13 12:00:00', 2, null, 1, 3),
       (37, 250, 'Есть ли скидки на данный товар?', '2023-08-15 20:09:23', 3, 'Вечернее платье для особых случаев', 1,
        3),
       (38, 1231, 'Есть ли красный цвет на данный товар?', '2023-08-15 20:09:23', 5, 'Сейчас самые модные', 2, 3),
       (39, 2353, 'Есть ли доставка на данный товар?', '2023-08-15 20:09:23', 5,
        'Модные женские кроссовки с контрастными вставками и подошвой-платформой', 1, 4),
       (40, 3453, 'Есть такие детские размеры? Цена??', '2023-08-15 20:09:23', 4,
        'Стильное пальто с поясом и воротником-стойкой', 2, 5),
       (41, 345, 'Здравствуйте, скажите пожалуйста, в каком филиале у вас есть белые ?', '2023-05-15 20:09:23', 3,
        'Эксклюзивный вечерний наряд с вышивкой и открытой спиной', 1, 5),
       (42, 234, 'Здравствуйте! Почему они подоражали? Воот не давно они чуть дешевле было?', '2023-08-15 20:09:23', 4,
        'Я заказал L на 1,76 см. И 73 кг очень хорошо', 2, 6),
       (43, 550, 'Чем отличие от простой шлепки ? Я так и не понял', '2023-04-15 20:09:23', 4,
        'Стильный женский кошелек с принтом и множеством отделений', 1, 6),
       (44, 8654, 'Американские?', '2023-08-15 20:09:23', 3, 'Удобный свитшот с капюшоном и карманом-кенгуру', 2, 6),
       (45, 456, 'Бежевые есть?', '2023-06-15 20:09:23', 5, null, 1, 7),
       (46, 4567, 'Есть великанывые размеры?', '2023-08-15 20:09:23', 3,
        'Красивый кошелек доступно к продаже, доставка действует по всему Кыргызстану', 2, 8),
       (47, 874, 'Если купить сразу 5 штук, Есть ли скидки по больше?', '2023-05-15 20:09:23', 3, 'Базовые бермуда', 1,
        8),
       (48, 293, 'Синтетика или хлопок?', '2023-07-15 20:09:23', 3, 'Образ в наличии', 2, 9),
       (49, 9745, 'Я хочу знать качество футболки.?', '2023-02-15 20:09:23', 5, null, 2, 9),
       (50, 354, 'Там должно быть хорошо?', '2023-03-15 20:09:23', 5, null, 1, 9),
       (51, 43, 'Девочки, кто заказал синие и голубые… Размер у них одинаковый???', '2023-04-15 20:09:23', 5,
        'Стильный женский кошелек с принтом и множеством отделений', 2, 10),
       (52, 634, 'Стоит ли заказывать? Как насчет качества??', '2023-08-15 20:09:23', 3,
        'Стильный женский кошелек с принтом и множеством отделений', 2, 11),
       (53, 3456, 'Есть ли скидки на данный товар?', '2023-08-15 20:09:23', 5,
        'Эксклюзивный вечерний наряд с вышивкой и открытой спиной', 1, 11),
       (54, 345, 'Здравствуйте, скажите пожалуйста, в каком филиале у вас есть белые?', '2023-08-15 20:09:23', 3,
        'Стильное пальто с поясом и воротником-стойкой', 2, 12),
       (55, 354, 'Есть ли скидки по больше??', '2023-08-15 20:09:23', 3,
        'Модные женские кроссовки с контрастными вставками и подошвой-платформой', 2, 12),
       (56, 4563, 'Качественно?', '2023-08-15 20:09:23', 4, null, 1, 12),
       (57, 6346, 'Удобно?', '2023-08-15 20:09:23', 3, 'Теплый детский свитер с ярким принтом', 2, 13),
       (58, 634, 'Хлопок?', '2023-08-15 20:09:23', 4, null, 2, 14),
       (59, 2560, 'Есть ли скидки на данный товар?', '2023-08-15 20:09:23', 3, null, 1, 14),
       (60, 666, 'Есть ли скидки на данный товар?', '2023-07-13 12:00:00', 4,
        'Стильная футболка с круглым вырезом и короткими рукавами', 1, 13);

INSERT INTO review_images(review_id, images)
VALUES (1, 'https://ae01.alicdn.com/kf/S58fe73d6948e44ab99daa45c4cf38f7d8.jpg'),
       (1, 'https://encrypted-tbn0.gstatic.com/images?q=tbn:ANd9GcRYvJrR5YUMRFTxfXrIDA2hRlwjxUmVhA7XJANjQs7cv3PwrkDH2cBTksdqm_Tv-OMm-Og&usqp=CAU'),
       (2, 'https://smartcasuals.ru/wp-content/uploads/2021/09/DSC_1473.jpg'),
       (2,'https://alitools.io/ru/showcase/image?url=https%3A%2F%2Fae01.alicdn.com%2Fkf%2FH68ed3f2c1f37437a881ffbce47f36655A.jpg_480x480.jpg'),
       (3,'https://ae04.alicdn.com/kf/S7cccd9a97f0b48a4b08e23777a970d8bl.jpg_640x640.jpg'),
       (3,'https://ae04.alicdn.com/kf/S3a836c90a6a741e1a904a5004ad642c3v.jpg'),
       (4,'https://ae04.alicdn.com/kf/S359d1f97ceb34c358d8ef391d7ad26a9x.jpg_640x640.jpg'),
       (4,'https://ae04.alicdn.com/kf/Se05b5f8151ce4e32880cb77c9f29b734L.jpg'),
       (5,'https://ae04.alicdn.com/kf/S23c66ad0a6614390a4e02c1e81611ecdh.jpg'),
       (5,'https://ae04.alicdn.com/kf/S849756a3a5ee4705b04d11d194fae7c4q.jpg'),
       (6,'https://ae04.alicdn.com/kf/S64c44492d1fd43f3b7130840f64b4bedA.png_640x640.jpg'),
       (6,'https://ae04.alicdn.com/kf/S5b65070e00bc4d80bb3307a2a2370a81k.jpg'),
       (7,'https://ae04.alicdn.com/kf/Sa7f43d980222470e9936f33960cf386cm.jpg'),
       (7,'https://ae04.alicdn.com/kf/S5da77459a98246c8806430e78ff4752eK.jpg_640x640.jpg'),
       (8,'https://ae04.alicdn.com/kf/Sa26ead771c1c44d0b8187a215833152dn.jpg'),
       (8,'https://ae04.alicdn.com/kf/S4c5751d6a9d843fdbee4a4cf90c226a22.jpg'),
       (9,'https://ae04.alicdn.com/kf/S14be44f3d6544dfdb2c33a240af2a659O.jpg_640x640.jpg'),
       (9,'https://ae04.alicdn.com/kf/S0f26d84d1bc64bc78416e35ea994348eN.jpg'),
       (10,'https://ae04.alicdn.com/kf/HTB1M6GFXOHrK1Rjy0Flq6AsaFXaj.jpg_640x640.jpg'),
       (10,'https://ae04.alicdn.com/kf/S3e1e08947e1d4f4e8d1ff751fbfb2500g.jpg'),
       (11,'https://ae04.alicdn.com/kf/S6bf3bd1978334cac85ec56caec4f30601.jpg'),
       (11,'https://ae04.alicdn.com/kf/S915c9570a8604771a9a3d698245f5829G.jpg_640x640.jpg'),
       (12,'https://ae04.alicdn.com/kf/S7a03af91e0424ea5a86ca9e3b7115519w.jpg'),
       (12,'https://ae04.alicdn.com/kf/Sb56526c8cacf4d948c83d24b55816298G.jpg'),
       (13,'https://ae04.alicdn.com/kf/S8874f92785d840af958ad487ccd79b8fc.jpg'),
       (13,'https://ae04.alicdn.com/kf/Sa56995da92134368bcb4e78c35866fe4h.jpg'),
       (14,'https://ae04.alicdn.com/kf/Sd2ac9e47ba9d4895bf043c681d23bb36g.jpg_640x640.jpg'),
       (14,'https://ae04.alicdn.com/kf/S832a0d2664f64b6b84ed38f3b2417b51M.jpg'),
       (15,'https://ae04.alicdn.com/kf/S52ee2925dfc348b2bdda72f1b36b48e9R.jpg'),
       (15,'https://ae04.alicdn.com/kf/HTB1h9pxaQL0gK0jSZFxq6xWHVXaj.jpg_640x640.jpg'),
       (16,'https://ae04.alicdn.com/kf/Ha5b4a68b01d1438c86fd04a4dccf0b47z.jpg'),
       (16,'https://ae04.alicdn.com/kf/H4ff367612f1b4e9ea2249db5f687d255B.jpg'),
       (17,'https://ae04.alicdn.com/kf/H70af4fbeec764ad6b58fe328949b731fU.jpg'),
       (17,'https://ae04.alicdn.com/kf/H4f2944f41c23443a8fa0aeaa2e1f50ffy.jpg'),
       (18,'https://ae04.alicdn.com/kf/H5ab71a8213b847e280507d2a4e042a79C.jpg'),
       (18,'https://ae04.alicdn.com/kf/S42c050a007324bda90cbfad935389515A.jpg_640x640.jpg'),
       (19,'https://ae04.alicdn.com/kf/S0bc3a17928eb41139b826db4f5e2c17dk.jpg'),
       (19,'https://ae04.alicdn.com/kf/Sac190c781f624b7186643eefcfb2c220I.jpg'),
       (20,'https://ae04.alicdn.com/kf/S346d2cf1fddd486bb204e4cc61b20e80B.jpg'),
       (20,'https://ae04.alicdn.com/kf/Sf081903a03104e39b8acf9c2e133fcf9H.jpg'),
       (21,'https://ae04.alicdn.com/kf/Sb39df90ebe424e0eba00ac4f6fd4494dl.jpg_640x640.jpg'),
       (21,'https://ae04.alicdn.com/kf/S7c7b7b35009440919a3d30bba776eefcc.jpg'),
       (22,'https://ae04.alicdn.com/kf/Sd1fe6c1386b14cc1b57d889b17b5504d8.jpg'),
       (22,'https://ae04.alicdn.com/kf/Scd29883078194f4a884650354c0b873cL.jpg'),
       (23,'https://ae04.alicdn.com/kf/Scd29883078194f4a884650354c0b873cL.jpg'),
       (23,'https://ae04.alicdn.com/kf/Sb358a03d978548629279cd1d315ceea1Q.jpg'),
       (24,'https://ae04.alicdn.com/kf/Saa08997a50814ed6b600136d882cc64fY.jpg'),
       (24,'https://ae04.alicdn.com/kf/Sd4f01aadadb24a7cbe692d5e3f16e7498.jpg_640x640.jpg'),
       (25,'https://ae04.alicdn.com/kf/S026fa5122ad14acea3a76a920ea76c7cX.jpg'),
       (25,'https://ae04.alicdn.com/kf/S0ce446369e324d52854938fe0a3260bfE.jpg'),
       (26,'https://ae04.alicdn.com/kf/Sd07341bd0a6641bcb3a46704ef9011d5i.jpg'),
       (26,'https://ae04.alicdn.com/kf/S2f13b5223dcc48edb69d8598211cb795t.jpg'),
       (27,'https://ae04.alicdn.com/kf/S659cbd4475794c3796fb483a10c153b7H.jpg'),
       (27,'https://ae04.alicdn.com/kf/Sf86bf7c9cf774c35bb3c7613643632a66.jpg'),
       (28,'https://ae04.alicdn.com/kf/HTB1kB0eLpXXXXb4XVXXq6xXFXXXs.jpg_640x640.jpg'),
       (28,'https://ae04.alicdn.com/kf/H2be17f72e540460f836d634543398bcdS.jpg'),
       (29,'https://ae04.alicdn.com/kf/HTB14QfeaE_rK1Rjy0Fcq6zEvVXak.jpg'),
       (29,'https://ae04.alicdn.com/kf/Hbad9dddb565242daa2d43ed7a9fbe8d1L.jpg'),
       (30,'https://ae04.alicdn.com/kf/H610c2c592e3140b39ff7bfd78f0f87ac4.jpg'),
       (30,'https://ae04.alicdn.com/kf/H0bf1d988df034eacaf234171f59f2fa1B.jpg'),
       (31,'https://ae04.alicdn.com/kf/H0d2f947789af4cd982e310f01cd04fd4H.jpg'),
       (31,'https://ae04.alicdn.com/kf/He4e6fa26a58448df924505fc0f71a363A.jpg_640x640.jpg'),
       (32,'https://ae04.alicdn.com/kf/H87a5187c05644ff1b6cc8fc8ba713c7cE.jpg'),
       (32,'https://ae04.alicdn.com/kf/H56a7e72658894edaa59e0b90ba9f8d85r.jpg'),
       (33,'https://ae04.alicdn.com/kf/H1349471c3c6344ac945abc166c9f4dfek.jpg'),
       (33,'https://ae04.alicdn.com/kf/H68e3c10b26d94be38a131d8d4ea9be252.jpg'),
       (34,'https://ae04.alicdn.com/kf/H5b3870294d9045788eb365f2b65a59e19.jpg'),
       (34,'https://ae04.alicdn.com/kf/Hdfe1a6f7660b494d8b5fc8a3b516c4d26.jpg'),
       (35,'https://ae04.alicdn.com/kf/S0aa01d484ba84b33828f80f88a675ae2m.jpg_640x640.jpg'),
       (35,'https://ae04.alicdn.com/kf/S580c7930788e459086cbaae1cd209e6dM.jpg'),
       (36,'https://ae04.alicdn.com/kf/S072dba593e834771af66d3cad83ef31dg.jpg'),
       (36,'https://ae04.alicdn.com/kf/S4ffa25a9ee82426faa5a46cfa0494614F.jpg'),
       (37,'https://ae04.alicdn.com/kf/Sb4bbc21d331b4a79bb552bb8a90e7f92W.jpg'),
       (37,'https://ae04.alicdn.com/kf/S24dd232dbb794db7a70aefc03c362495S.jpg'),
       (38,'https://ae04.alicdn.com/kf/S2bfbd2ff27264b908819fb8e75bde3c04.jpg'),
       (38,'https://ae04.alicdn.com/kf/Sb34aa4621b204fdb93aeaa73c869e851R.jpg_640x640.jpg'),
       (39,'https://ae04.alicdn.com/kf/Sb71f646e98234971ada4d9ad99b84107F.jpg'),
       (39,'https://ae04.alicdn.com/kf/S48775849d5714ae8b2e7b5529afd7d6e5.jpg'),
       (40,'https://ae04.alicdn.com/kf/S304a297578ea49e7aafad641c01436b7m.jpg'),
       (40,'https://ae04.alicdn.com/kf/Sa8a1e4b06c5f4d8080bf7be780d2473a4.jpg'),
       (41,'https://ae04.alicdn.com/kf/Sc13d0f9e8dda462bafaec47b5341a60ek.jpg'),
       (41,'https://ae04.alicdn.com/kf/S4d2a1e8f75924c209277233737c9adefT.jpg'),
       (42,'https://ae04.alicdn.com/kf/H2a4c484401704849bc64a497acc4b5681.jpg_640x640.jpg'),
       (42,'https://ae04.alicdn.com/kf/H71fd43b15799471d8d16c17ef19c9b82Q.jpg'),
       (43,'https://ae04.alicdn.com/kf/Sfae5b94862544d31babe94b1f73f309cg.jpg'),
       (43,'https://ae04.alicdn.com/kf/Hba0a7f158dd140ec8404fd14e6a7fd0eb.jpg'),
       (44,'https://ae04.alicdn.com/kf/Hb3fea110b3d5468ebe7b5b07b8d5f117o.jpg'),
       (44,'https://ae04.alicdn.com/kf/H018c597adb53436fada7e75ad1f5aeb2u.jpg'),
       (45,'https://ae04.alicdn.com/kf/Sb271a081bbd84f5da87e5f485515a7beg.jpg_640x640.jpg'),
       (45,'https://ae04.alicdn.com/kf/S008cad563cbe442dbc997f5582f15194V.jpg'),
       (46,'https://ae04.alicdn.com/kf/Sc9724a724f794495b2b2d8380423b4abD.jpg'),
       (46,'https://ae04.alicdn.com/kf/S53dbcca7a92845e3b5d3d974d80ea375k.jpg'),
       (47,'https://ae04.alicdn.com/kf/S0a2372e731f6406ba69d9db05aa0ec4e1.jpg'),
       (47,'https://ae04.alicdn.com/kf/S0cbbadf4827842eab5faf66200c18ce8m.jpg'),
       (48,'https://ae04.alicdn.com/kf/HTB1tLM1cBcHL1JjSZFBq6yiGXXao.jpg_640x640.jpg'),
       (48,'https://ae04.alicdn.com/kf/HTB1fw3GcpcJL1JjSZFOq6AWlXXa8.jpg'),
       (49,'https://ae04.alicdn.com/kf/HTB1XuoLcBoHL1JjSZFwq6z6vpXaf.jpg'),
       (49,'https://ae04.alicdn.com/kf/HTB1gq2lbgoQMeJjy0Fpq6ATxpXa0.jpg'),
       (50,'https://ae04.alicdn.com/kf/HTB1JEkHcxsIL1JjSZFqq6AeCpXa2.jpg'),
       (51,'https://ae04.alicdn.com/kf/HTB1Tj6BXdHO8KJjSZFLq6yTqVXa5.jpg_640x640.jpg'),
       (51,'https://ae04.alicdn.com/kf/HTB1wknWUMTqK1RjSZPhq6xfOFXab.jpg'),
       (52,'https://ae04.alicdn.com/kf/HTB1cdJIXxTI8KJjSspiq6zM4FXaI.jpg'),
       (52,'https://ae04.alicdn.com/kf/HTB1zLrEXaLN8KJjSZFmq6AQ6XXa0.jpg'),
       (53,'https://ae04.alicdn.com/kf/HTB19EVIXsnI8KJjSspeq6AwIpXad.jpg'),
       (53,'https://ae04.alicdn.com/kf/HTB15F4IXx6I8KJjy0Fgq6xXzVXan.jpg'),
       (54,'https://ae04.alicdn.com/kf/HTB1dh4IXBHH8KJjy0Fbq6AqlpXa2.jpg'),
       (54,'https://ae04.alicdn.com/kf/S93cfa2b6aa5045bdbeb26211daee511f3.jpg_640x640.jpg'),
       (55,'https://ae04.alicdn.com/kf/S67fa71e7d8fc468a8d91706be27dab0eG.jpg'),
       (55,'https://ae04.alicdn.com/kf/S2c265a9a15e141f2b3e1b0cfb85ae095Y.jpg'),
       (56,'https://ae04.alicdn.com/kf/S8129127d8afe4c9b916983366903267fO.jpg'),
       (56,'https://ae04.alicdn.com/kf/S2008c843884545bda9c3569311030eade.jpg'),
       (57,'https://ae04.alicdn.com/kf/S8d2eed6849034018af183d02bf1f6d80o.jpg'),
       (57,'https://ae04.alicdn.com/kf/Sff7704ed29244e5d8f186602799b06d7w.jpg_640x640.jpg'),
       (58,'https://ae04.alicdn.com/kf/S6b90e93dd35e462699ef5fa478bc7d6bo.jpg'),
       (58,'https://ae04.alicdn.com/kf/S92d4dd05566b43b198c3b4f43304ccb7A.jpg'),
       (59,'https://ae04.alicdn.com/kf/Sa19cf46ec486400ba481f24ef44dd73ee.jpg'),
       (59,'https://ae04.alicdn.com/kf/S26f09671c13c436598a8af6bcb0efcca2.jpg'),
       (60,'https://ae04.alicdn.com/kf/Sf82b7779f9934937a645135fc51b1802Y.jpg'),
       (60,'https://ae04.alicdn.com/kf/Se5b75f0c1baf4e5a864df4dbffe35a84b.jpg'),
       (11,'https://ae04.alicdn.com/kf/H5a6250e95bdf4583a61e7ac4a1dfa057Z.jpg_640x640.jpg'),
       (21,'https://ae04.alicdn.com/kf/H9ddc771b28d247fbb9dbec8d6ce5d292X.jpg'),
       (32,'https://ae04.alicdn.com/kf/Hf3f9bf30a2014a9f9e0f243060a949ebE.jpg_640x640.jpg'),
       (42,'https://ae04.alicdn.com/kf/Hec2b0447b8a642bd979bd1062774df6dH.jpg'),
       (53,'https://ae04.alicdn.com/kf/H6f178c06f6d1469bb77868e48be3be661.jpg'),
       (3,'https://ae04.alicdn.com/kf/H926857229bc84199b9f2b43bffd1b084O.jpg'),
       (14,'https://ae04.alicdn.com/kf/Hc74506f8524a455b86fa09585473a987W.jpg'),
       (24,'https://ae04.alicdn.com/kf/H0cc58c06d0864e2a8160af036666e54bX.jpg'),
       (35,'https://ae04.alicdn.com/kf/S15d34cddc3264bb7b2c88cef11afb734A.jpg_640x640.jpg'),
       (45,'https://ae04.alicdn.com/kf/S005cc2dc725e4bd8b2662398baa8d405i.jpg'),
       (56,'https://ae04.alicdn.com/kf/S4ab066bc69454f29a0da019bbb1175f2E.jpg'),
       (6,'https://ae04.alicdn.com/kf/Sc4ea4f3d577d45c7bd5cfd8f9905186fb.jpg'),
       (17, 'https://персонаж.рф/wp-content/uploads//2021/04/shyolkovye-platya-foto-2.jpg');

INSERT INTO buyer_questions(id, question, created_at, reply_date, answer, buyer_id, sub_product_id)
VALUES     (1, 'В наличии есть размер М?', '2023-07-13 12:00:00', '2023-07-14 12:00:00','Красивый пиджаки доступно к продаже, доставка действует по всему Кыргызстану',1, 1),
           (2, 'В наличии есть размер М?', '2023-07-13 12:00:00', null, null,1, 2),
           (3, 'Можно цену?', '2023-07-13 12:00:00', '2023-07-17 12:00:00','Образ в наличии',1, 2),
           (4, 'Есть ли размер L в наличии?', '2023-07-13 12:00:00', '2023-07-13 12:00:00','Стильные наряды', 1, 3),
           (5, 'Есть ли скидки на данный товар?', '2023-08-15 20:09:23', '2023-08-15 20:09:23','Вечернее платье для особых случаев', 1, 3),
           (6, 'Есть ли красный цвет на данный товар?', '2023-08-15 20:09:23', '2023-08-15 20:09:23','Сейчас самые модные', 2, 3),
           (7, 'Есть ли доставка на данный товар?', '2023-08-15 20:09:23', '2023-08-15 20:09:23','Вечернее платье для особых случаев', 1, 4),
           (8, 'Есть такие детские размеры? Цена??', '2023-08-15 20:09:23', '2023-08-15 20:09:23','Стильный женский шапки с принтом и множеством отделений', 2, 5),
           (9, 'Здравствуйте, скажите пожалуйста, в каком филиале у вас есть белые ?', '2023-05-15 20:09:23', null,null, 1, 5),
           (10, 'Здравствуйте! Почему они подоражали? Воот не давно они чуть дешевле было🤔?', '2023-08-15 20:09:23', '2023-05-15 20:09:23','Эксклюзивный вечерний наряд с вышивкой и открытой спиной', 2, 6),
           (11, 'Чем отличие от простой шлепки ? Я так и не понял', '2023-04-15 20:09:23', '2023-04-15 20:09:23','Стильное пальто с поясом и воротником-стойкой', 1, 6),
           (12, 'Американские?', '2023-08-15 20:09:23', null,null, 2, 6),
           (13, 'Бежевые есть?', '2023-06-15 20:09:23', '2023-08-15 20:09:23','Легкие и комфортные женские брюки для бега', 1, 7),
           (14, 'Есть великанывые размеры?', '2023-08-15 20:09:23', '2023-08-15 20:09:23','Теплый детский свитер с ярким принтом', 2, 8),
           (15, 'Если купить сразу 5 штук, Есть ли скидки по больше?', '2023-05-15 20:09:23', '2023-08-15 20:09:23','Классические мужские фудболки со шнуровкой', 1, 8),
           (16, 'Синтетика или хлопок?', '2023-07-15 20:09:23', null,null, 2, 9),
           (17, 'Я хочу знать качество футболки.?', '2023-02-15 20:09:23', '2023-08-15 20:09:23','Стильная футболка с круглым вырезом и короткими рукавами', 2, 9),
           (18, 'Там должно быть хорошо?', '2023-03-15 20:09:23', '2023-08-15 20:09:23','Симпатичный детский комбинезон с изображением персонажей Disney', 1, 9),
           (19, 'Девочки, кто заказал синие и голубые… Размер у них одинаковый???', '2023-04-15 20:09:23','2023-04-15 20:09:23' ,'Приталенное платье с V-образным вырезом и длинными рукавами', 2, 10),
           (20, 'Стоит ли заказывать? Как насчет качества??', '2023-08-15 20:09:23', '2023-08-15 20:09:23','Стильные шорты с высокой посадкой и широким поясом', 2, 11),
           (21, 'Есть ли скидки на данный товар?', '2023-08-15 20:09:23', '2023-08-15 20:09:23','Стильные мужские кроссовки для повседневной носки', 1, 11),
           (22, 'Здравствуйте, скажите пожалуйста, в каком филиале у вас есть белые?', '2023-08-15 20:09:23', '2023-08-15 20:09:23','Удобный свитшот с капюшоном и карманом-кенгуру', 2, 12),
           (23, 'Есть ли скидки по больше??', '2023-08-15 20:09:23', null, null, 2, 12),
           (24, 'Качественно?', '2023-08-15 20:09:23', '2023-08-15 20:09:23','Мягкий и удобный детский боди с принтом', 1, 12),
           (25, 'Удобно?', '2023-08-15 20:09:23', null,null, 2, 13),
           (26, 'Хлопок?', '2023-08-15 20:09:23', '2023-08-15 20:09:23','Стильное пальто с поясом и воротником-стойкой', 2, 14),
           (27, 'Есть ли скидки на данный товар?', '2023-08-15 20:09:23', '2023-08-15 20:09:23','Эксклюзивный вечерний наряд с вышивкой и открытой спиной', 1, 14),
           (28, ' Почему они подоражали??', '2023-08-15 20:09:23', '2023-08-15 20:09:23','Стильная футболка с круглым вырезом и короткими рукавами', 2, 15),
           (29, 'Есть такие взрослые размеры??', '2023-08-15 20:09:23', null, null, 2, 15),
           (30, 'Чем отличие от простой фудболки ? Я так и не понял?', '2023-08-15 20:09:23', '2023-08-15 20:09:23','Удобный свитшот с капюшоном и карманом-кенгуру', 1, 15),
           (31, 'Как мне заказать костюм согласно моим параметрам??', '2023-08-15 20:09:23', '2023-08-15 20:09:23','Симпатичный детский комбинезон с изображением персонажей Disney', 1, 16),
           (32, 'Почему они подешевели??', '2023-08-15 20:09:23', null, null, 2, 17),
           (33, 'В наличии есть размер М?', '2023-07-13 12:00:00', '2023-07-13 12:00:00','Красивый кошелек доступно к продаже, доставка действует по всему Кыргызстану',1, 1),
           (34, 'В наличии есть размер М?', '2023-07-13 12:00:00', '2023-07-13 12:00:00','Базовые бермуда',1, 2),
           (35, 'Можно цену?', '2023-07-13 12:00:00', '2023-07-13 12:00:00','Образ в наличии',1, 2),
           (36, 'Есть ли размер L в наличии?', '2023-07-13 12:00:00', null, null, 1, 3),
           (37, 'Есть ли скидки на данный товар?', '2023-08-15 20:09:23', '2023-07-13 12:00:00','Вечернее платье для особых случаев', 1, 3),
           (38, 'Есть ли красный цвет на данный товар?', '2023-08-15 20:09:23', '2023-07-13 12:00:00','Сейчас самые модные', 2, 3),
           (39, 'Есть ли доставка на данный товар?', '2023-08-15 20:09:23', '2023-07-13 12:00:00','Модные женские кроссовки с контрастными вставками и подошвой-платформой', 1, 4),
           (40, 'Есть такие детские размеры? Цена??', '2023-08-15 20:09:23', '2023-07-13 12:00:00','Стильное пальто с поясом и воротником-стойкой', 2, 5),
           (41, 'Здравствуйте, скажите пожалуйста, в каком филиале у вас есть белые ?', '2023-05-15 20:09:23', '2023-05-15 20:09:23','Эксклюзивный вечерний наряд с вышивкой и открытой спиной', 1, 5),
           (42, 'Здравствуйте! Почему они подоражали? Воот не давно они чуть дешевле было?', '2023-08-15 20:09:23', '2023-08-15 20:09:23','Я заказал L на 1,76 см. И 73 кг очень хорошо', 2, 6),
           (43, 'Чем отличие от простой шлепки ? Я так и не понял', '2023-04-15 20:09:23', '2023-08-15 20:09:23','Стильный женский кошелек с принтом и множеством отделений', 1, 6),
           (44, 'Американские?', '2023-08-15 20:09:23', '2023-08-15 20:09:23','Удобный свитшот с капюшоном и карманом-кенгуру', 2, 6),
           (45, 'Бежевые есть?', '2023-06-15 20:09:23', null, null, 1, 7),
           (46, 'Есть великанывые размеры?', '2023-08-15 20:09:23', '2023-08-15 20:09:23','Красивый кошелек доступно к продаже, доставка действует по всему Кыргызстану', 2, 8),
           (47, 'Если купить сразу 5 штук, Есть ли скидки по больше?', '2023-05-15 20:09:23', '2023-08-15 20:09:23','Базовые бермуда', 1, 8),
           (48, 'Синтетика или хлопок?', '2023-07-15 20:09:23', '2023-08-15 20:09:23','Образ в наличии', 2, 9),
           (49, 'Я хочу знать качество футболки.?', '2023-02-15 20:09:23', null, null, 2, 9),
           (50, 'Там должно быть хорошо?', '2023-03-15 20:09:23', null, null, 1, 9),
           (51, 'Девочки, кто заказал синие и голубые… Размер у них одинаковый???', '2023-04-15 20:09:23', '2023-05-15 20:09:23','Стильный женский кошелек с принтом и множеством отделений', 2, 10),
           (52, 'Стоит ли заказывать? Как насчет качества??', '2023-08-15 20:09:23', '2023-08-16 20:09:23','Стильный женский кошелек с принтом и множеством отделений', 2, 11),
           (53, 'Есть ли скидки на данный товар?', '2023-08-15 20:09:23', '2023-09-15 20:09:23','Эксклюзивный вечерний наряд с вышивкой и открытой спиной', 1, 11),
           (54, 'Здравствуйте, скажите пожалуйста, в каком филиале у вас есть белые?', '2023-08-15 20:09:23', '2023-10-15 20:09:23','Стильное пальто с поясом и воротником-стойкой', 2, 12),
           (55, 'Есть ли скидки по больше??', '2023-08-15 20:09:23', '2023-09-15 20:09:23','Модные женские кроссовки с контрастными вставками и подошвой-платформой', 2, 12),
           (56, 'Качественно?', '2023-08-15 20:09:23', null,null, 1, 12),
           (57, 'Удобно?', '2023-08-15 20:09:23', '2023-08-15 20:09:23','Теплый детский свитер с ярким принтом', 2, 13),
           (58, 'Хлопок?', '2023-08-15 20:09:23', null, null, 2, 14),
           (59, 'Есть ли скидки на данный товар?', '2023-08-15 20:09:23', null, null, 1, 14),
           (60, 'Есть ли скидки на данный товар?', '2023-07-13 12:00:00', '2023-07-15 12:00:00','Стильная футболка с круглым вырезом и короткими рукавами', 1, 13);

INSERT INTO supplies(id, accepted_products, actual_date,
                     commission, created_at, planned_date,
                     quantity_of_products, status, supply_cost,
                     supply_number, supply_type, seller_id, warehouse_id)
VALUES (1, 200, '2023-07-07', 300, '2023-07-13', '2023-05-28', 10000,
        'DELIVERED', 100, 'SUP2021001', 'MONO_PALLETS', 1, 1),
       (2, 450, '2023-01-25', 300, '2023-07-13', '2023-05-28', 60400,
        'DELIVERED', 500, 'INV-2021-005', 'MONO_PALLETS', 2, 2),
       (3, 100, '2022-07-12', 270, '2023-01-22', '2023-05-28', 23500,
        'DELIVERED', 1000, 'PO-202108-001', 'SUPER_SAFE', 3, 3),
       (4, 699, '2023-07-07', 690, '2023-07-13', '2023-04-28', 46700,
        'DELIVERED', 200, 'SUP2021001', 'BOX', 1, 4),
       (5, 580, '2023-07-07', 1000, '2023-05-13', '2023-05-21', 2000,
        'DELIVERED', 740, 'INV-2021-005', 'BOX', 3, 5);

INSERT INTO supply_products(id, quantity, size_id, supply_id)
VALUES (1, 100, 1, 1),
       (2, 232, 3, 1),
       (3, 22, 4, 1),
       (4, 992, 5, 1),
       (5, 454, 6, 1),
       (6, 21, 7, 2),
       (7, 321, 8, 2),
       (8, 234, 9, 2),
       (9, 999, 10, 3),
       (10, 999, 11, 3),
       (11, 999, 12, 3),
       (12, 156, 13, 4),
       (13, 129, 14, 4),
       (14, 79, 15, 4),
       (15, 130, 16, 5),
       (16, 168, 17, 5),
       (17, 330, 18, 5);

INSERT INTO news (id, topic, description, date)
VALUES (1, 'Новая коллекция',
        'Стильные аксессуары: Освежите свой образ с нашей новой коллекцией модных аксессуаров.' ||
        ' Очки, ремни, шарфы и многое другое!', '2023-07-24'),
       (2, 'Скидка',
        'Специальное предложение: Весь август действует скидка 20% на все платья. Не упустите возможность обновить свой летний гардероб!',
        '2023-07-20'),
       (3, 'Акция',
        'Внимание, продавцы! Мы запускаем акцию "Приведи друга"! Пригласите нового продавца на наш платформу и получите скидку 50% на комиссию за первые 3 месяца работы',
        '2023-07-26'),
       (4, 'Акция',
        'Для наших самых активных продавцов! С 15 июля по 15 августа проводится акция "Бонус за выручку". Продавцы, которые достигнут определенного объема продаж, получат дополнительный бонус на свой баланс.',
        '2023-07-25'),
       (5, 'Коллекция',
        'Запуск новой категории: Мы добавили новую категорию "Эксклюзивные коллекции". Приглашаем всех продавцов представить свои уникальные дизайны и стильные модели',
        '2023-07-25');



INSERT INTO surveys(id, survey_type, title)
VALUES (1,'FOR_BUYERS', 'survey1' ),
       (2, 'FOR_SELLERS', 'survey2');

INSERT INTO questions(id, title, survey_id)
VALUES (1, 'Какова ваша общая удовлетворенность использованием нашей интернет-платформы для покупок?', 1),
       (2, 'Как бы вы оценили удобство использования нашей интернет-платформы для поиска и выбора товаров?', 1),
       (3, 'Оцените качество представленной информации о товарах на нашей интернет-платформе.', 1),
       (4, 'Насколько удовлетворены процессом оформления заказа и оплаты на нашей интернет-платформе?', 1),
       (5, 'Какова ваша общая оценка процесса доставки и получения заказанных товаров?', 1),
       (6, 'Как бы вы оценили удобство использования нашей интернет-платформы для добавления и управления товарами?', 2),
       (7, 'Оцените качество предоставленных инструментов и функциональности для управления продажами на нашей интернет-платформе.', 2),
       (8, 'Насколько удовлетворены процессом обработки заказов и управления их выполнением на нашей интернет-платформе?', 2),
       (9, 'Какова ваша общая оценка процесса взаимодействия с нашей поддержкой клиентов?', 2),
       (10, 'Какова ваша общая оценка эффективности нашей интернет-платформы в достижении ваших продажных целей?', 2);

INSERT INTO options(id, option_order, title, question_id)
VALUES (1, 1, 'Доволен', 1),
       (2, 2, 'Нейтрален', 1),
       (3, 3, 'Недоволен', 1),
       (4, 4, 'title4', 2),
       (5, 5, 'title5', 2),
       (6, 6, 'title6', 2),
       (7, 7, 'title6', 3),
       (8, 8, 'title6', 3),
       (9, 9, 'title6', 3),
       (10, 10, 'title6', 4);

INSERT INTO answers(id, full_name, phone_number, rating, suggestion_or_comment)
VALUES (1, 'Nuriza', '+996700600600', 5, 'suggestion or comments1'),
       (2, 'Kanykei', '+996700600500', 5, 'suggestion or comments2'),
       (3, 'Jhiydegul', '+996700600400', 5, 'suggestion or comments3'),
       (4, 'Eliza', '+996700600300', 5, 'suggestion or comments4'),
       (5, 'Saltanat', '+996700600200', 5, 'suggestion or comments5');